split,Model,seen_frac,n_unseen,correct_unseen,n_seen,correct_seen,Accuracy,Precision,Recall,F1,Specificity,MCC,AUC,Brier
0,LR,0.9804878048780488,4,4,201,175,0.8731707317073171,0.8403361344537815,0.9345794392523364,0.8849557522123894,0.8061224489795918,0.7497658787664441,0.95288956704177,0.08890527100310168
0,DT,0.9804878048780488,4,4,201,201,1.0,1.0,1.0,1.0,1.0,1.0,1.0,0.0
0,RF,0.9804878048780488,4,4,201,201,1.0,1.0,1.0,1.0,1.0,1.0,1.0,0.003253658536585366
0,XGB,0.9804878048780488,4,4,201,201,1.0,1.0,1.0,1.0,1.0,1.0,1.0,0.0003097647277172655
0,NB,0.9804878048780488,4,4,201,172,0.8585365853658536,0.8305084745762712,0.9158878504672897,0.8711111111111111,0.7959183673469388,0.7193927787863996,0.9429715811558268,0.09941268456191536
0,KNN,0.9804878048780488,4,4,201,177,0.8829268292682927,0.8738738738738738,0.9065420560747663,0.8899082568807339,0.8571428571428571,0.7655855390864581,0.9758725920274652,0.061073170731707316
0,Stacking,0.9804878048780488,4,4,201,201,1.0,1.0,1.0,1.0,1.0,1.0,1.0,0.0002677433037145108
1,LR,0.9853658536585366,3,3,202,169,0.8390243902439024,0.7787610619469026,0.9166666666666666,0.8421052631578947,0.7706422018348624,0.6895530405664415,0.9458142201834863,0.1009145282575597
1,DT,0.9853658536585366,3,3,202,202,1.0,1.0,1.0,1.0,1.0,1.0,1.0,0.0
1,RF,0.9853658536585366,3,3,202,202,1.0,1.0,1.0,1.0,1.0,1.0,1.0,0.003505853658536586
1,XGB,0.9853658536585366,3,3,202,202,1.0,1.0,1.0,1.0,1.0,1.0,1.0,0.00033213262213394046
1,NB,0.9853658536585366,3,3,202,159,0.7902439024390244,0.7345132743362832,0.8645833333333334,0.7942583732057417,0.7247706422018348,0.5912783093956124,0.9125573394495413,0.1476003555325789
1,KNN,0.9853658536585366,3,3,202,164,0.8146341463414634,0.7636363636363637,0.875,0.8155339805825242,0.7614678899082569,0.6368940893370257,0.9490634556574924,0.09073170731707318
1,Stacking,0.9853658536585366,3,3,202,202,1.0,1.0,1.0,1.0,1.0,1.0,1.0,0.0003718193845739287
2,LR,0.9512195121951219,10,10,195,169,0.8731707317073171,0.8189655172413793,0.95,0.8796296296296297,0.8,0.756365854907769,0.9431428571428571,0.09222003530489412
2,DT,0.9512195121951219,10,6,195,195,0.9804878048780488,0.9615384615384616,1.0,0.9803921568627451,0.9619047619047619,0.9617215942820588,0.980952380952381,0.01951219512195122
2,RF,0.9512195121951219,10,10,195,195,1.0,1.0,1.0,1.0,1.0,1.0,1.0,0.007753658536585366
2,XGB,0.9512195121951219,10,10,195,195,1.0,1.0,1.0,1.0,1.0,1.0,1.0,0.0008156968979164958
2,NB,0.9512195121951219,10,10,195,168,0.8682926829268293,0.8348623853211009,0.91,0.8708133971291866,0.8285714285714286,0.7398408160939652,0.9376190476190476,0.09618367264900306
2,KNN,0.9512195121951219,10,10,195,164,0.848780487804878,0.8484848484848485,0.84,0.8442211055276382,0.8571428571428571,0.6973421262214281,0.959047619047619,0.07570731707317074
2,Stacking,0.9512195121951219,10,10,195,195,1.0,1.0,1.0,1.0,1.0,1.0,1.0,0.0005563880887242214
3,LR,0.9853658536585366,3,3,202,172,0.8536585365853658,0.7948717948717948,0.9393939393939394,0.8611111111111112,0.7735849056603774,0.7198017645803377,0.9412044978082713,0.09846806640027692
3,DT,0.9853658536585366,3,0,202,202,0.9853658536585366,1.0,0.9696969696969697,0.9846153846153847,1.0,0.9710860220774045,0.9848484848484849,0.014634146341463415
3,RF,0.9853658536585366,3,3,202,202,1.0,1.0,1.0,1.0,1.0,1.0,1.0,0.008061951219512194
3,XGB,0.9853658536585366,3,0,202,202,0.9853658536585366,1.0,0.9696969696969697,0.9846153846153847,1.0,0.9710860220774045,1.0,0.004935045726597309
3,NB,0.9853658536585366,3,3,202,172,0.8536585365853658,0.8053097345132744,0.9191919191919192,0.8584905660377359,0.7924528301886793,0.7149911132814193,0.9315799504478749,0.11276480013046598
3,KNN,0.9853658536585366,3,3,202,171,0.848780487804878,0.8269230769230769,0.8686868686868687,0.8472906403940886,0.8301886792452831,0.698542797569085,0.9600247760625118,0.07765853658536584
3,Stacking,0.9853658536585366,3,0,202,202,0.9853658536585366,1.0,0.9696969696969697,0.9846153846153847,1.0,0.9710860220774045,0.9999999999999999,0.0074085316271750214
4,LR,0.9853658536585366,3,3,202,169,0.8390243902439024,0.7777777777777778,0.9285714285714286,0.8465116279069768,0.7570093457943925,0.6918776314124214,0.9230402441350372,0.11141725994495862
4,DT,0.9853658536585366,3,3,202,202,1.0,1.0,1.0,1.0,1.0,1.0,1.0,0.0
4,RF,0.9853658536585366,3,3,202,202,1.0,1.0,1.0,1.0,1.0,1.0,1.0,0.005710731707317075
4,XGB,0.9853658536585366,3,3,202,202,1.0,1.0,1.0,1.0,1.0,1.0,1.0,0.0009277307544834912
4,NB,0.9853658536585366,3,3,202,165,0.8195121951219512,0.7699115044247787,0.8877551020408163,0.8246445497630331,0.7570093457943925,0.6475493530695683,0.8971008964333397,0.14236976190127063
4,KNN,0.9853658536585366,3,3,202,174,0.8634146341463415,0.85,0.8673469387755102,0.8585858585858586,0.8598130841121495,0.7266750878401346,0.9639042532901012,0.07648780487804879
4,Stacking,0.9853658536585366,3,3,202,202,1.0,1.0,1.0,1.0,1.0,1.0,1.0,0.00044158956666481126
5,LR,0.9365853658536586,13,13,192,162,0.8536585365853658,0.8050847457627118,0.9313725490196079,0.8636363636363636,0.7766990291262136,0.7163004607500916,0.9345136112697506,0.10220881848669222
5,DT,0.9365853658536586,13,13,192,192,1.0,1.0,1.0,1.0,1.0,1.0,1.0,0.0
5,RF,0.9365853658536586,13,13,192,192,1.0,1.0,1.0,1.0,1.0,1.0,1.0,0.005433658536585367
5,XGB,0.9365853658536586,13,13,192,192,1.0,1.0,1.0,1.0,1.0,1.0,0.9999999999999999,0.00037551161949522793
5,NB,0.9365853658536586,13,13,192,160,0.8439024390243902,0.8125,0.8921568627450981,0.8504672897196262,0.7961165048543689,0.6912405032161079,0.9254711593375214,0.12174111090168119
5,KNN,0.9365853658536586,13,13,192,171,0.8975609756097561,0.8857142857142857,0.9117647058823529,0.8985507246376812,0.883495145631068,0.7954870361635384,0.9797258709308967,0.05775609756097561
5,Stacking,0.9365853658536586,13,13,192,192,1.0,1.0,1.0,1.0,1.0,1.0,1.0,0.0002709243798243661
6,LR,0.9560975609756097,9,6,196,171,0.8634146341463415,0.822429906542056,0.9072164948453608,0.8627450980392157,0.8240740740740741,0.7309417872098358,0.9166666666666667,0.10945046204455365
6,DT,0.9560975609756097,9,9,196,196,1.0,1.0,1.0,1.0,1.0,1.0,1.0,0.0
6,RF,0.9560975609756097,9,6,196,196,0.9853658536585366,0.97,1.0,0.9847715736040609,0.9722222222222222,0.9711104754638142,0.9981386025200458,0.017623414634146347
6,XGB,0.9560975609756097,9,6,196,196,0.9853658536585366,0.97,1.0,0.9847715736040609,0.9722222222222222,0.9711104754638142,1.0,0.011745360679924488
6,NB,0.9560975609756097,9,6,196,165,0.8341463414634146,0.8,0.865979381443299,0.8316831683168316,0.8055555555555556,0.670767029444078,0.8957617411225659,0.13523442104625055
6,KNN,0.9560975609756097,9,6,196,159,0.8048780487804879,0.7567567567567568,0.865979381443299,0.8076923076923077,0.75,0.6172178878409832,0.9368556701030928,0.10770731707317073
6,Stacking,0.9560975609756097,9,6,196,196,0.9853658536585366,0.97,1.0,0.9847715736040609,0.9722222222222222,0.9711104754638142,1.0,0.01260534141649937
7,LR,0.9512195121951219,10,10,195,169,0.8731707317073171,0.8947368421052632,0.8793103448275862,0.8869565217391304,0.8651685393258427,0.742682619208776,0.9319062378922898,0.10112103987417198
7,DT,0.9512195121951219,10,10,195,195,1.0,1.0,1.0,1.0,1.0,1.0,1.0,0.0
7,RF,0.9512195121951219,10,10,195,195,1.0,1.0,1.0,1.0,1.0,1.0,1.0,0.008168780487804877
7,XGB,0.9512195121951219,10,10,195,195,1.0,1.0,1.0,1.0,1.0,1.0,1.0,0.0009505708003416657
7,NB,0.9512195121951219,10,10,195,163,0.8439024390243902,0.8559322033898306,0.8706896551724138,0.8632478632478633,0.8089887640449438,0.6815957105274427,0.9106935296396745,0.12715058188868156
7,KNN,0.9512195121951219,10,10,195,166,0.8585365853658536,0.8849557522123894,0.8620689655172413,0.8733624454148472,0.8539325842696629,0.7135178213740105,0.9589790778767919,0.08097560975609756
7,Stacking,0.9512195121951219,10,10,195,195,1.0,1.0,1.0,1.0,1.0,1.0,1.0,0.0011571942082918196
8,LR,1.0,0,0,205,174,0.848780487804878,0.848,0.8983050847457628,0.8724279835390947,0.7816091954022989,0.6888977917974095,0.9376582894993182,0.098840953603185
8,DT,1.0,0,0,205,205,1.0,1.0,1.0,1.0,1.0,1.0,1.0,0.0
8,RF,1.0,0,0,205,205,1.0,1.0,1.0,1.0,1.0,1.0,1.0,0.005418536585365854
8,XGB,1.0,0,0,205,205,1.0,1.0,1.0,1.0,1.0,1.0,1.0,0.00035325856879353523
8,NB,1.0,0,0,205,174,0.848780487804878,0.84251968503937,0.9067796610169492,0.8734693877551021,0.7701149425287356,0.6890845614380954,0.9111630625365283,0.12124756295860327
8,KNN,1.0,0,0,205,178,0.8682926829268293,0.9099099099099099,0.8559322033898306,0.8820960698689956,0.8850574712643678,0.7350000524902535,0.9627897915449055,0.0704390243902439
8,Stacking,1.0,0,0,205,205,1.0,1.0,1.0,1.0,1.0,1.0,0.9999999999999999,0.00012763819958947032
9,LR,0.926829268292683,15,12,190,170,0.8878048780487805,0.896551724137931,0.9043478260869565,0.9004329004329005,0.8666666666666667,0.7719847451491,0.951400966183575,0.08630010376015224
9,DT,0.926829268292683,15,15,190,190,1.0,1.0,1.0,1.0,1.0,1.0,1.0,0.0
9,RF,0.926829268292683,15,12,190,190,0.9853658536585366,1.0,0.9739130434782609,0.986784140969163,1.0,0.9708225861034753,0.9985507246376811,0.013482439024390246
9,XGB,0.926829268292683,15,12,190,190,0.9853658536585366,1.0,0.9739130434782609,0.986784140969163,1.0,0.9708225861034753,1.0,0.00982152670621872
9,NB,0.926829268292683,15,12,190,166,0.8682926829268293,0.8666666666666667,0.9043478260869565,0.8851063829787233,0.8222222222222222,0.7318929769671424,0.9464734299516908,0.09492280606817294
9,KNN,0.926829268292683,15,12,190,164,0.8585365853658536,0.8771929824561403,0.8695652173913043,0.8733624454148472,0.8444444444444444,0.7131832614872595,0.9541545893719807,0.0786341463414634
9,Stacking,0.926829268292683,15,12,190,190,0.9853658536585366,1.0,0.9739130434782609,0.986784140969163,1.0,0.9708225861034753,0.9999999999999999,0.008902415970550203
10,LR,0.9512195121951219,10,10,195,169,0.8731707317073171,0.853448275862069,0.9166666666666666,0.8839285714285714,0.8247422680412371,0.7468468650383026,0.9288850706376479,0.09926181827939941
10,DT,0.9512195121951219,10,10,195,195,1.0,1.0,1.0,1.0,1.0,1.0,1.0,0.0
10,RF,0.9512195121951219,10,10,195,195,1.0,1.0,1.0,1.0,1.0,1.0,1.0,0.009996585365853657
10,XGB,0.9512195121951219,10,10,195,195,1.0,1.0,1.0,1.0,1.0,1.0,1.0,0.001379930879920721
10,NB,0.9512195121951219,10,10,195,162,0.8390243902439024,0.8260869565217391,0.8796296296296297,0.852017937219731,0.7938144329896907,0.6775308868143005,0.9027300496372661,0.13253687574702502
10,KNN,0.9512195121951219,10,10,195,162,0.8390243902439024,0.8440366972477065,0.8518518518518519,0.847926267281106,0.8247422680412371,0.6769819640750656,0.9499331806032837,0.0922926829268293
10,Stacking,0.9512195121951219,10,10,195,195,1.0,1.0,1.0,1.0,1.0,1.0,1.0,0.0009588065887353245
11,LR,0.9707317073170731,6,6,199,171,0.8634146341463415,0.8389830508474576,0.9166666666666666,0.8761061946902655,0.8041237113402062,0.7281252560507144,0.9342306223749522,0.10118911251259798
11,DT,0.9707317073170731,6,6,199,199,1.0,1.0,1.0,1.0,1.0,1.0,1.0,0.0
11,RF,0.9707317073170731,6,6,199,199,1.0,1.0,1.0,1.0,1.0,1.0,1.0,0.004397560975609756
11,XGB,0.9707317073170731,6,6,199,199,1.0,1.0,1.0,1.0,1.0,1.0,1.0,0.00041137784137390554
11,NB,0.9707317073170731,6,6,199,167,0.8439024390243902,0.8166666666666667,0.9074074074074074,0.8596491228070176,0.7731958762886598,0.6897499840275289,0.9161893852615501,0.11934778277715088
11,KNN,0.9707317073170731,6,6,199,165,0.8341463414634146,0.8135593220338984,0.8888888888888888,0.8495575221238938,0.7731958762886598,0.668822245526123,0.9482149675448643,0.09170731707317073
11,Stacking,0.9707317073170731,6,6,199,199,1.0,1.0,1.0,1.0,1.0,1.0,1.0,0.0005242641410329604
12,LR,0.9707317073170731,6,6,199,173,0.8731707317073171,0.8727272727272727,0.8888888888888888,0.8807339449541285,0.8556701030927835,0.74548466219959,0.9288850706376479,0.1067810972529692
12,DT,0.9707317073170731,6,6,199,199,1.0,1.0,1.0,1.0,1.0,1.0,1.0,0.0
12,RF,0.9707317073170731,6,6,199,199,1.0,1.0,1.0,1.0,1.0,1.0,1.0,0.006909756097560976
12,XGB,0.9707317073170731,6,6,199,199,1.0,1.0,1.0,1.0,1.0,1.0,1.0,0.0005723421345464885
12,NB,0.9707317073170731,6,6,199,155,0.7853658536585366,0.7711864406779662,0.8425925925925926,0.8053097345132744,0.7216494845360825,0.5699838946518041,0.8945208094692632,0.1479203168068992
12,KNN,0.9707317073170731,6,3,199,172,0.8536585365853658,0.8482142857142857,0.8796296296296297,0.8636363636363636,0.8247422680412371,0.7063977054136324,0.951794578083238,0.08741463414634147
12,Stacking,0.9707317073170731,6,6,199,199,1.0,1.0,1.0,1.0,1.0,1.0,1.0,0.00036698716024025324
13,LR,0.9121951219512195,18,12,187,160,0.8390243902439024,0.8125,0.883495145631068,0.8465116279069768,0.7941176470588235,0.6805339707364779,0.9071958880639635,0.12139798212023459
13,DT,0.9121951219512195,18,12,187,187,0.9707317073170731,0.944954128440367,1.0,0.9716981132075472,0.9411764705882353,0.9430634079812907,0.9705882352941176,0.02926829268292683
13,RF,0.9121951219512195,18,12,187,187,0.9707317073170731,0.970873786407767,0.970873786407767,0.970873786407767,0.9705882352941176,0.9414620217018846,0.999143346659052,0.017298048780487806
13,XGB,0.9121951219512195,18,12,187,187,0.9707317073170731,0.944954128440367,1.0,0.9716981132075472,0.9411764705882353,0.9430634079812907,0.9914334665905196,0.020121783018112183
13,NB,0.9121951219512195,18,12,187,158,0.8292682926829268,0.7982456140350878,0.883495145631068,0.8387096774193549,0.7745098039215687,0.6621779832766118,0.8989149057681325,0.13405046918408423
13,KNN,0.9121951219512195,18,15,187,155,0.8292682926829268,0.8090909090909091,0.8640776699029126,0.8356807511737089,0.7941176470588235,0.659956546111229,0.9550256996002284,0.0801951219512195
13,Stacking,0.9121951219512195,18,12,187,187,0.9707317073170731,0.944954128440367,1.0,0.9716981132075472,0.9411764705882353,0.9430634079812907,0.999143346659052,0.022352743253285217
14,LR,0.9707317073170731,6,3,199,169,0.8390243902439024,0.8166666666666667,0.8990825688073395,0.8558951965065502,0.7708333333333334,0.678530019710004,0.9331039755351682,0.10068994959751229
14,DT,0.9707317073170731,6,6,199,199,1.0,1.0,1.0,1.0,1.0,1.0,1.0,0.0
14,RF,0.9707317073170731,6,6,199,199,1.0,1.0,1.0,1.0,1.0,1.0,1.0,0.004025853658536586
14,XGB,0.9707317073170731,6,6,199,199,1.0,1.0,1.0,1.0,1.0,1.0,1.0,0.00034279670217074454
14,NB,0.9707317073170731,6,6,199,166,0.8390243902439024,0.8220338983050848,0.8899082568807339,0.8546255506607929,0.78125,0.6775996499483383,0.9224961773700306,0.11937943556538703
14,KNN,0.9707317073170731,6,6,199,177,0.8926829268292683,0.8990825688073395,0.8990825688073395,0.8990825688073395,0.8854166666666666,0.7844992354740061,0.971855886850153,0.06575609756097561
14,Stacking,0.9707317073170731,6,6,199,199,1.0,1.0,1.0,1.0,1.0,1.0,1.0,0.0005823811721737036
15,LR,1.0,0,0,205,176,0.8585365853658536,0.8125,0.9191919191919192,0.8625592417061612,0.8018867924528302,0.723773567451066,0.9359634076615209,0.09864984884829214
15,DT,1.0,0,0,205,205,1.0,1.0,1.0,1.0,1.0,1.0,1.0,0.0
15,RF,1.0,0,0,205,205,1.0,1.0,1.0,1.0,1.0,1.0,1.0,0.007438536585365853
15,XGB,1.0,0,0,205,205,1.0,1.0,1.0,1.0,1.0,1.0,1.0,0.0010230501648038626
15,NB,1.0,0,0,205,171,0.8341463414634146,0.7876106194690266,0.898989898989899,0.839622641509434,0.7735849056603774,0.6757374501259048,0.9305317324185248,0.11519059213044613
15,KNN,1.0,0,0,205,183,0.8926829268292683,0.9230769230769231,0.8484848484848485,0.8842105263157894,0.9339622641509434,0.7869595324730436,0.966885839527349,0.06731707317073171
15,Stacking,1.0,0,0,205,205,1.0,1.0,1.0,1.0,1.0,1.0,0.9999999999999999,0.0010224863790097613
16,LR,0.9560975609756097,9,9,196,168,0.8634146341463415,0.8230088495575221,0.9207920792079208,0.8691588785046729,0.8076923076923077,0.7322585805282632,0.9185072353389184,0.11181860585619846
16,DT,0.9560975609756097,9,6,196,196,0.9853658536585366,1.0,0.9702970297029703,0.9849246231155779,1.0,0.97112946618107,0.9851485148514851,0.014634146341463415
16,RF,0.9560975609756097,9,9,196,196,1.0,1.0,1.0,1.0,1.0,1.0,1.0,0.007879024390243902
16,XGB,0.9560975609756097,9,9,196,196,1.0,1.0,1.0,1.0,1.0,1.0,1.0,0.0007046850514598191
16,NB,0.9560975609756097,9,9,196,161,0.8292682926829268,0.7946428571428571,0.8811881188118812,0.8356807511737089,0.7788461538461539,0.662816571636642,0.8968012185833968,0.1371327739866983
16,KNN,0.9560975609756097,9,9,196,160,0.824390243902439,0.8037383177570093,0.8514851485148515,0.8269230769230769,0.7980769230769231,0.650119343382402,0.9488290175171363,0.09248780487804878
16,Stacking,0.9560975609756097,9,9,196,196,1.0,1.0,1.0,1.0,1.0,1.0,1.0,0.0009215562386807537
17,LR,0.9853658536585366,3,3,202,173,0.8585365853658536,0.8888888888888888,0.8666666666666667,0.8776371308016878,0.8470588235294118,0.7103903061045584,0.9257843137254902,0.10843639552289064
17,DT,0.9853658536585366,3,3,202,202,1.0,1.0,1.0,1.0,1.0,1.0,1.0,0.0
17,RF,0.9853658536585366,3,3,202,202,1.0,1.0,1.0,1.0,1.0,1.0,1.0,0.005690243902439025
17,XGB,0.9853658536585366,3,3,202,202,1.0,1.0,1.0,1.0,1.0,1.0,1.0,0.0005542110884562135
17,NB,0.9853658536585366,3,3,202,171,0.848780487804878,0.8677685950413223,0.875,0.8713692946058091,0.8117647058823529,0.6879798611337745,0.9120588235294117,0.12442597052965279
17,KNN,0.9853658536585366,3,3,202,173,0.8585365853658536,0.9504950495049505,0.8,0.8687782805429864,0.9411764705882353,0.7303723996166399,0.9592156862745098,0.08897560975609757
17,Stacking,0.9853658536585366,3,3,202,202,1.0,1.0,1.0,1.0,1.0,1.0,1.0,0.00027490574066780523
18,LR,0.9707317073170731,6,6,199,173,0.8731707317073171,0.8529411764705882,0.8877551020408163,0.87,0.8598130841121495,0.7468562840905736,0.9493610528323478,0.08968313052028896
18,DT,0.9707317073170731,6,3,199,199,0.9853658536585366,0.9702970297029703,1.0,0.9849246231155779,0.9719626168224299,0.97112946618107,0.9859813084112149,0.014634146341463415
18,RF,0.9707317073170731,6,6,199,199,1.0,1.0,1.0,1.0,1.0,1.0,1.0,0.008514146341463415
18,XGB,0.9707317073170731,6,3,199,199,0.9853658536585366,0.9702970297029703,1.0,0.9849246231155779,0.9719626168224299,0.97112946618107,1.0,0.009826320223510265
18,NB,0.9707317073170731,6,6,199,165,0.8341463414634146,0.8137254901960784,0.8469387755102041,0.83,0.822429906542056,0.6687312486327002,0.9330535952698836,0.112820407334439
18,KNN,0.9707317073170731,6,6,199,168,0.848780487804878,0.8252427184466019,0.8673469387755102,0.845771144278607,0.8317757009345794,0.6984568718800862,0.9612340263208088,0.0782439024390244
18,Stacking,0.9707317073170731,6,3,199,199,0.9853658536585366,0.9702970297029703,1.0,0.9849246231155779,0.9719626168224299,0.97112946618107,1.0,0.008980244092249835
19,LR,0.9707317073170731,6,6,199,173,0.8731707317073171,0.8559322033898306,0.9181818181818182,0.8859649122807017,0.8210526315789474,0.7458297675205815,0.907846889952153,0.11099565109276892
19,DT,0.9707317073170731,6,6,199,199,1.0,1.0,1.0,1.0,1.0,1.0,1.0,0.0
19,RF,0.9707317073170731,6,6,199,199,1.0,1.0,1.0,1.0,1.0,1.0,1.0,0.006522926829268294
19,XGB,0.9707317073170731,6,6,199,199,1.0,1.0,1.0,1.0,1.0,1.0,1.0,0.0007082020165398717
19,NB,0.9707317073170731,6,6,199,165,0.8341463414634146,0.8275862068965517,0.8727272727272727,0.8495575221238938,0.7894736842105263,0.6662296417085081,0.9004784688995217,0.1267352530763308
19,KNN,0.9707317073170731,6,6,199,160,0.8097560975609757,0.8256880733944955,0.8181818181818182,0.821917808219178,0.8,0.6177681407082862,0.9464114832535885,0.08995121951219513
19,Stacking,0.9707317073170731,6,6,199,199,1.0,1.0,1.0,1.0,1.0,1.0,1.0,0.0005339663067461467
20,LR,0.9707317073170731,6,6,199,171,0.8634146341463415,0.8305084745762712,0.9245283018867925,0.875,0.797979797979798,0.7304872164964205,0.9270059081379837,0.11190680212488759
20,DT,0.9707317073170731,6,6,199,199,1.0,1.0,1.0,1.0,1.0,1.0,1.0,0.0
20,RF,0.9707317073170731,6,6,199,199,1.0,1.0,1.0,1.0,1.0,1.0,1.0,0.004154634146341463
20,XGB,0.9707317073170731,6,6,199,199,1.0,1.0,1.0,1.0,1.0,1.0,1.0,0.00047985243145376444
20,NB,0.9707317073170731,6,6,199,162,0.8195121951219512,0.8053097345132744,0.8584905660377359,0.8310502283105022,0.7777777777777778,0.6392602655838292,0.9086144463502953,0.1342050099997266
20,KNN,0.9707317073170731,6,6,199,170,0.8585365853658536,0.8598130841121495,0.8679245283018868,0.863849765258216,0.8484848484848485,0.716682606917488,0.9647894034686488,0.07590243902439024
20,Stacking,0.9707317073170731,6,6,199,199,1.0,1.0,1.0,1.0,1.0,1.0,1.0,0.0001867268664907446
21,LR,0.9853658536585366,3,3,202,174,0.8634146341463415,0.831858407079646,0.912621359223301,0.8703703703703703,0.8137254901960784,0.7301794732073948,0.915191319246145,0.1119382904601795
21,DT,0.9853658536585366,3,3,202,202,1.0,1.0,1.0,1.0,1.0,1.0,1.0,0.0
21,RF,0.9853658536585366,3,3,202,202,1.0,1.0,1.0,1.0,1.0,1.0,1.0,0.005345365853658538
21,XGB,0.9853658536585366,3,3,202,202,1.0,1.0,1.0,1.0,1.0,1.0,1.0,0.0004862737259827554
21,NB,0.9853658536585366,3,3,202,160,0.7951219512195122,0.7798165137614679,0.8252427184466019,0.8018867924528302,0.7647058823529411,0.5911313716290494,0.9015800494955263,0.14085259415428095
21,KNN,0.9853658536585366,3,3,202,167,0.8292682926829268,0.8090909090909091,0.8640776699029126,0.8356807511737089,0.7941176470588235,0.659956546111229,0.9491719017704169,0.08917073170731708
21,Stacking,0.9853658536585366,3,3,202,202,1.0,1.0,1.0,1.0,1.0,1.0,1.0,0.0007321234540270508
22,LR,0.9853658536585366,3,3,202,171,0.848780487804878,0.8034188034188035,0.9215686274509803,0.8584474885844748,0.7766990291262136,0.7053527395868305,0.9285170378831145,0.10785753111073831
22,DT,0.9853658536585366,3,3,202,202,1.0,1.0,1.0,1.0,1.0,1.0,1.0,0.0
22,RF,0.9853658536585366,3,3,202,202,1.0,1.0,1.0,1.0,1.0,1.0,1.0,0.006725853658536586
22,XGB,0.9853658536585366,3,3,202,202,1.0,1.0,1.0,1.0,1.0,1.0,1.0,0.0006339587271213531
22,NB,0.9853658536585366,3,3,202,162,0.8048780487804879,0.7719298245614035,0.8627450980392157,0.8148148148148148,0.7475728155339806,0.6141885185548438,0.8974871501998858,0.1493909223350477
22,KNN,0.9853658536585366,3,3,202,163,0.8097560975609757,0.794392523364486,0.8333333333333334,0.8133971291866029,0.7864077669902912,0.6203318364222127,0.9439843898724538,0.09073170731707318
22,Stacking,0.9853658536585366,3,3,202,202,1.0,1.0,1.0,1.0,1.0,1.0,1.0,0.00040329531592632966
23,LR,0.9853658536585366,3,3,202,179,0.8878048780487805,0.8596491228070176,0.9333333333333333,0.8949771689497716,0.84,0.7780155153660159,0.9312380952380952,0.09982226978703691
23,DT,0.9853658536585366,3,3,202,202,1.0,1.0,1.0,1.0,1.0,1.0,1.0,0.0
23,RF,0.9853658536585366,3,3,202,202,1.0,1.0,1.0,1.0,1.0,1.0,1.0,0.0044512195121951224
23,XGB,0.9853658536585366,3,3,202,202,1.0,1.0,1.0,1.0,1.0,1.0,1.0,0.000537662475835532
23,NB,0.9853658536585366,3,3,202,169,0.8390243902439024,0.8214285714285714,0.8761904761904762,0.847926267281106,0.8,0.6789115756199693,0.9243809523809523,0.11726527038820257
23,KNN,0.9853658536585366,3,3,202,175,0.8682926829268293,0.875,0.8666666666666667,0.8708133971291866,0.87,0.7365263892843292,0.9739523809523809,0.0606829268292683
23,Stacking,0.9853658536585366,3,3,202,202,1.0,1.0,1.0,1.0,1.0,1.0,1.0,0.0004238628027656769
24,LR,0.9560975609756097,9,9,196,169,0.8682926829268293,0.860655737704918,0.9130434782608695,0.8860759493670886,0.8111111111111111,0.7321203872589218,0.937487922705314,0.09878105457361708
24,DT,0.9560975609756097,9,9,196,196,1.0,1.0,1.0,1.0,1.0,1.0,1.0,0.0
24,RF,0.9560975609756097,9,9,196,196,1.0,1.0,1.0,1.0,1.0,1.0,1.0,0.006317073170731707
24,XGB,0.9560975609756097,9,9,196,196,1.0,1.0,1.0,1.0,1.0,1.0,1.0,0.0006983539205975831
24,NB,0.9560975609756097,9,9,196,164,0.8439024390243902,0.8487394957983193,0.8782608695652174,0.8632478632478633,0.8,0.6820940025339123,0.9310144927536232,0.10614424502567302
24,KNN,0.9560975609756097,9,9,196,168,0.8634146341463415,0.865546218487395,0.8956521739130435,0.8803418803418803,0.8222222222222222,0.7219314015423032,0.9636714975845411,0.07375609756097562
24,Stacking,0.9560975609756097,9,9,196,196,1.0,1.0,1.0,1.0,1.0,1.0,1.0,0.0004730922083510375
25,LR,0.9853658536585366,3,3,202,169,0.8390243902439024,0.819047619047619,0.86,0.8390243902439024,0.819047619047619,0.679047619047619,0.9201904761904762,0.11228320679429357
25,DT,0.9853658536585366,3,3,202,202,1.0,1.0,1.0,1.0,1.0,1.0,1.0,0.0
25,RF,0.9853658536585366,3,3,202,202,1.0,1.0,1.0,1.0,1.0,1.0,1.0,0.005416097560975609
25,XGB,0.9853658536585366,3,3,202,202,1.0,1.0,1.0,1.0,1.0,1.0,1.0,0.00048470793990418315
25,NB,0.9853658536585366,3,3,202,163,0.8097560975609757,0.7961165048543689,0.82,0.8078817733990148,0.8,0.619822933025091,0.9064761904761904,0.13884452029892133
25,KNN,0.9853658536585366,3,3,202,173,0.8585365853658536,0.8817204301075269,0.82,0.8497409326424871,0.8952380952380953,0.7181163285783055,0.9571904761904761,0.07512195121951219
25,Stacking,0.9853658536585366,3,3,202,202,1.0,1.0,1.0,1.0,1.0,1.0,1.0,0.00044041930272159464
26,LR,0.9707317073170731,6,6,199,173,0.8731707317073171,0.8378378378378378,0.9207920792079208,0.8773584905660378,0.8269230769230769,0.750219112856168,0.9342155369383092,0.10165852368486258
26,DT,0.9707317073170731,6,6,199,199,1.0,1.0,1.0,1.0,1.0,1.0,1.0,0.0
26,RF,0.9707317073170731,6,6,199,199,1.0,1.0,1.0,1.0,1.0,1.0,1.0,0.007075121951219513
26,XGB,0.9707317073170731,6,6,199,199,1.0,1.0,1.0,1.0,1.0,1.0,1.0,0.00042648144881241024
26,NB,0.9707317073170731,6,6,199,167,0.8439024390243902,0.8415841584158416,0.8415841584158416,0.8415841584158416,0.8461538461538461,0.6877380045696877,0.9205064737242955,0.120318375106285
26,KNN,0.9707317073170731,6,6,199,165,0.8341463414634146,0.8073394495412844,0.8712871287128713,0.8380952380952381,0.7980769230769231,0.6706421970282129,0.9541603198781416,0.08370731707317075
26,Stacking,0.9707317073170731,6,6,199,199,1.0,1.0,1.0,1.0,1.0,1.0,1.0,0.0002481128757189719
27,LR,0.9707317073170731,6,6,199,177,0.8926829268292683,0.8461538461538461,0.9611650485436893,0.9,0.8235294117647058,0.7926564865258766,0.9505996573386637,0.08359694358111801
27,DT,0.9707317073170731,6,6,199,199,1.0,1.0,1.0,1.0,1.0,1.0,1.0,0.0
27,RF,0.9707317073170731,6,6,199,199,1.0,1.0,1.0,1.0,1.0,1.0,1.0,0.00638
27,XGB,0.9707317073170731,6,6,199,199,1.0,1.0,1.0,1.0,1.0,1.0,1.0,0.0006539768073707819
27,NB,0.9707317073170731,6,6,199,171,0.8634146341463415,0.8260869565217391,0.9223300970873787,0.8715596330275229,0.803921568627451,0.7317043969938346,0.9315629164287074,0.11030144888317421
27,KNN,0.9707317073170731,6,6,199,171,0.8634146341463415,0.8260869565217391,0.9223300970873787,0.8715596330275229,0.803921568627451,0.7317043969938346,0.9726822767942129,0.07121951219512196
27,Stacking,0.9707317073170731,6,6,199,199,1.0,1.0,1.0,1.0,1.0,1.0,1.0,0.00035872641143022227
28,LR,1.0,0,0,205,180,0.8780487804878049,0.8548387096774194,0.9380530973451328,0.8945147679324894,0.8043478260869565,0.7552979166897528,0.9230473258945748,0.10029859649291342
28,DT,1.0,0,0,205,205,1.0,1.0,1.0,1.0,1.0,1.0,1.0,0.0
28,RF,1.0,0,0,205,205,1.0,1.0,1.0,1.0,1.0,1.0,1.0,0.0052707317073170746
28,XGB,1.0,0,0,205,205,1.0,1.0,1.0,1.0,1.0,1.0,1.0,0.0006697096396237612
28,NB,1.0,0,0,205,167,0.8146341463414634,0.8,0.8849557522123894,0.8403361344537815,0.7282608695652174,0.6252404308609804,0.9025586764140054,0.13596097569639035
28,KNN,1.0,0,0,205,171,0.8341463414634146,0.8376068376068376,0.8672566371681416,0.8521739130434782,0.7934782608695652,0.663935841577232,0.9585417468257021,0.08058536585365855
28,Stacking,1.0,0,0,205,205,1.0,1.0,1.0,1.0,1.0,1.0,1.0,0.00035219305669105516
29,LR,1.0,0,0,205,180,0.8780487804878049,0.8434782608695652,0.9326923076923077,0.8858447488584474,0.8217821782178217,0.7600667591348894,0.9452589489718203,0.09166548922853082
29,DT,1.0,0,0,205,205,1.0,1.0,1.0,1.0,1.0,1.0,1.0,0.0
29,RF,1.0,0,0,205,205,1.0,1.0,1.0,1.0,1.0,1.0,1.0,0.0044843902439024395
29,XGB,1.0,0,0,205,205,1.0,1.0,1.0,1.0,1.0,1.0,1.0,0.00038393138675019145
29,NB,1.0,0,0,205,174,0.848780487804878,0.8230088495575221,0.8942307692307693,0.8571428571428571,0.801980198019802,0.699817956011917,0.9271706016755521,0.1107522845149316
29,KNN,1.0,0,0,205,171,0.8341463414634146,0.8301886792452831,0.8461538461538461,0.8380952380952381,0.8217821782178217,0.6682541952201664,0.9523990860624523,0.08409756097560976
29,Stacking,1.0,0,0,205,205,1.0,1.0,1.0,1.0,1.0,1.0,1.0,0.00047151234190331967
30,LR,0.9658536585365853,7,7,198,174,0.8829268292682927,0.8421052631578947,0.9411764705882353,0.8888888888888888,0.8252427184466019,0.7712797803187152,0.9351798972015991,0.09681365306954981
30,DT,0.9658536585365853,7,3,198,198,0.9804878048780488,0.9622641509433962,1.0,0.9807692307692307,0.9611650485436893,0.9617144427289014,0.9805825242718447,0.01951219512195122
30,RF,0.9658536585365853,7,7,198,198,1.0,1.0,1.0,1.0,1.0,1.0,0.9999999999999999,0.0065882926829268305
30,XGB,0.9658536585365853,7,7,198,198,1.0,1.0,1.0,1.0,1.0,1.0,0.9999999999999999,0.0004119653603993356
30,NB,0.9658536585365853,7,7,198,164,0.8341463414634146,0.8148148148148148,0.8627450980392157,0.8380952380952381,0.8058252427184466,0.6695269449681291,0.9231867504283267,0.11724130545129971
30,KNN,0.9658536585365853,7,7,198,174,0.8829268292682927,0.8611111111111112,0.9117647058823529,0.8857142857142857,0.8543689320388349,0.7672298377062174,0.9737292975442604,0.06302439024390244
30,Stacking,0.9658536585365853,7,7,198,198,1.0,1.0,1.0,1.0,1.0,1.0,1.0,0.0007382042359368123
31,LR,0.9853658536585366,3,3,202,176,0.8731707317073171,0.8727272727272727,0.8888888888888888,0.8807339449541285,0.8556701030927835,0.74548466219959,0.9185757922871325,0.11120917101901164
31,DT,0.9853658536585366,3,0,202,202,0.9853658536585366,1.0,0.9722222222222222,0.9859154929577465,1.0,0.9711104754638142,0.9861111111111112,0.014634146341463415
31,RF,0.9853658536585366,3,0,202,202,0.9853658536585366,1.0,0.9722222222222222,0.9859154929577465,1.0,0.9711104754638142,1.0,0.011651707317073172
31,XGB,0.9853658536585366,3,0,202,202,0.9853658536585366,1.0,0.9722222222222222,0.9859154929577465,1.0,0.9711104754638142,1.0,0.010583489201962948
31,NB,0.9853658536585366,3,3,202,167,0.8292682926829268,0.8348623853211009,0.8425925925925926,0.8387096774193549,0.8144329896907216,0.657402209188583,0.9134211531118748,0.1227649830647167
31,KNN,0.9853658536585366,3,3,202,174,0.8634146341463415,0.8636363636363636,0.8796296296296297,0.8715596330275229,0.845360824742268,0.7258917960776776,0.9624856815578465,0.07590243902439026
31,Stacking,0.9853658536585366,3,0,202,202,0.9853658536585366,1.0,0.9722222222222222,0.9859154929577465,1.0,0.9711104754638142,0.9999999999999999,0.007791526838584874
32,LR,0.9707317073170731,6,6,199,172,0.8682926829268293,0.8260869565217391,0.9313725490196079,0.8755760368663594,0.8058252427184466,0.7427327070402686,0.9601180277936417,0.08225154567993984
32,DT,0.9707317073170731,6,6,199,199,1.0,1.0,1.0,1.0,1.0,1.0,1.0,0.0
32,RF,0.9707317073170731,6,6,199,199,1.0,1.0,1.0,1.0,1.0,1.0,1.0,0.005125365853658536
32,XGB,0.9707317073170731,6,6,199,199,1.0,1.0,1.0,1.0,1.0,1.0,1.0,0.0004819734313059598
32,NB,0.9707317073170731,6,6,199,170,0.8585365853658536,0.8288288288288288,0.9019607843137255,0.863849765258216,0.8155339805825242,0.7199660515410868,0.9536455358842567,0.09410061113307364
32,KNN,0.9707317073170731,6,6,199,175,0.8829268292682927,0.875,0.8921568627450981,0.883495145631068,0.8737864077669902,0.7660161862407996,0.9723967256805635,0.06341463414634146
32,Stacking,0.9707317073170731,6,6,199,199,1.0,1.0,1.0,1.0,1.0,1.0,1.0,0.00020121037524494585
33,LR,1.0,0,0,205,179,0.8731707317073171,0.8253968253968254,0.9629629629629629,0.8888888888888888,0.7731958762886598,0.7552147400756544,0.9642038946162659,0.0805529434728608
33,DT,1.0,0,0,205,205,1.0,1.0,1.0,1.0,1.0,1.0,1.0,0.0
33,RF,1.0,0,0,205,205,1.0,1.0,1.0,1.0,1.0,1.0,1.0,0.004047804878048781
33,XGB,1.0,0,0,205,205,1.0,1.0,1.0,1.0,1.0,1.0,0.9999999999999999,0.00029404181987047195
33,NB,1.0,0,0,205,180,0.8780487804878049,0.8373983739837398,0.9537037037037037,0.8917748917748918,0.7938144329896907,0.7618333794221555,0.9329896907216494,0.10564181655358852
33,KNN,1.0,0,0,205,172,0.8390243902439024,0.8048780487804879,0.9166666666666666,0.8571428571428571,0.7525773195876289,0.6820602506868512,0.967401680030546,0.07804878048780488
33,Stacking,1.0,0,0,205,205,1.0,1.0,1.0,1.0,1.0,1.0,1.0,0.00018312893353799245
34,LR,0.9707317073170731,6,6,199,176,0.8878048780487805,0.8571428571428571,0.9320388349514563,0.8930232558139535,0.8431372549019608,0.7785178617330911,0.9394631639063392,0.094841082158584
34,DT,0.9707317073170731,6,6,199,199,1.0,1.0,1.0,1.0,1.0,1.0,1.0,0.0
34,RF,0.9707317073170731,6,6,199,199,1.0,1.0,1.0,1.0,1.0,1.0,1.0,0.008701463414634148
34,XGB,0.9707317073170731,6,6,199,199,1.0,1.0,1.0,1.0,1.0,1.0,1.0,0.0006483670440502465
34,NB,0.9707317073170731,6,6,199,167,0.8439024390243902,0.8198198198198198,0.883495145631068,0.8504672897196262,0.803921568627451,0.689784402259184,0.912145440700552,0.1189377739213954
34,KNN,0.9707317073170731,6,6,199,160,0.8097560975609757,0.7857142857142857,0.8543689320388349,0.8186046511627907,0.7647058823529411,0.6217436361385099,0.9396535313154388,0.1038048780487805
34,Stacking,0.9707317073170731,6,6,199,199,1.0,1.0,1.0,1.0,1.0,1.0,1.0,0.00039721825299156044
35,LR,1.0,0,0,205,174,0.848780487804878,0.8376068376068376,0.8909090909090909,0.8634361233480177,0.8,0.6960569679825933,0.9376076555023924,0.09798239017994224
35,DT,1.0,0,0,205,205,1.0,1.0,1.0,1.0,1.0,1.0,1.0,0.0
35,RF,1.0,0,0,205,205,1.0,1.0,1.0,1.0,1.0,1.0,1.0,0.007080975609756098
35,XGB,1.0,0,0,205,205,1.0,1.0,1.0,1.0,1.0,1.0,1.0,0.0006053501274436712
35,NB,1.0,0,0,205,174,0.848780487804878,0.8376068376068376,0.8909090909090909,0.8634361233480177,0.8,0.6960569679825933,0.9204784688995216,0.11964477505117715
35,KNN,1.0,0,0,205,174,0.848780487804878,0.8434782608695652,0.8818181818181818,0.8622222222222222,0.8105263157894737,0.6956811169232728,0.960956937799043,0.07785365853658537
35,Stacking,1.0,0,0,205,205,1.0,1.0,1.0,1.0,1.0,1.0,1.0,0.0006832941786020012
36,LR,0.9560975609756097,9,6,196,169,0.8536585365853658,0.8620689655172413,0.8771929824561403,0.8695652173913043,0.8241758241758241,0.7030651492796063,0.9204742625795258,0.11155090908210198
36,DT,0.9560975609756097,9,3,196,196,0.9707317073170731,1.0,0.9473684210526315,0.972972972972973,1.0,0.9427450941447068,0.9736842105263157,0.02926829268292683
36,RF,0.9560975609756097,9,6,196,196,0.9853658536585366,1.0,0.9736842105263158,0.9866666666666667,1.0,0.9708806221831782,1.0,0.014595609756097562
36,XGB,0.9560975609756097,9,3,196,196,0.9707317073170731,1.0,0.9473684210526315,0.972972972972973,1.0,0.9427450941447068,0.9950838635049162,0.025937221944332123
36,NB,0.9560975609756097,9,9,196,169,0.8682926829268293,0.859504132231405,0.9122807017543859,0.8851063829787233,0.8131868131868132,0.7329236976257941,0.9302101407364565,0.09800539548913494
36,KNN,0.9560975609756097,9,3,196,166,0.824390243902439,0.875,0.7982456140350878,0.8348623853211009,0.8571428571428571,0.6513202228593291,0.9391748602274919,0.10048780487804879
36,Stacking,0.9560975609756097,9,3,196,196,0.9707317073170731,1.0,0.9473684210526315,0.972972972972973,1.0,0.9427450941447068,0.9988432620011568,0.023479958244887824
37,LR,0.9853658536585366,3,3,202,175,0.8682926829268293,0.8981481481481481,0.8584070796460177,0.8778280542986425,0.8804347826086957,0.7360153719308091,0.9366102347056561,0.1029719759871991
37,DT,0.9853658536585366,3,3,202,202,1.0,1.0,1.0,1.0,1.0,1.0,1.0,0.0
37,RF,0.9853658536585366,3,3,202,202,1.0,1.0,1.0,1.0,1.0,1.0,1.0,0.0068043902439024395
37,XGB,0.9853658536585366,3,3,202,202,1.0,1.0,1.0,1.0,1.0,1.0,1.0,0.0007234063814394176
37,NB,0.9853658536585366,3,3,202,169,0.8390243902439024,0.9081632653061225,0.7876106194690266,0.8436018957345972,0.9021739130434783,0.6868179871116513,0.9367064255482879,0.11006037204265104
37,KNN,0.9853658536585366,3,3,202,173,0.8585365853658536,0.92,0.8141592920353983,0.863849765258216,0.9130434782608695,0.7235924229932987,0.962148903424394,0.07746341463414634
37,Stacking,0.9853658536585366,3,3,202,202,1.0,1.0,1.0,1.0,1.0,1.0,0.9999999999999999,0.0003687353824510888
38,LR,0.9707317073170731,6,6,199,166,0.8390243902439024,0.8145161290322581,0.9099099099099099,0.8595744680851064,0.7553191489361702,0.6780212044096381,0.9184397163120568,0.11310653700894456
38,DT,0.9707317073170731,6,6,199,199,1.0,1.0,1.0,1.0,1.0,1.0,1.0,0.0
38,RF,0.9707317073170731,6,6,199,199,1.0,1.0,1.0,1.0,1.0,1.0,1.0,0.0064575609756097555
38,XGB,0.9707317073170731,6,6,199,199,1.0,1.0,1.0,1.0,1.0,1.0,1.0,0.0007813225383870304
38,NB,0.9707317073170731,6,6,199,163,0.824390243902439,0.8151260504201681,0.8738738738738738,0.8434782608695652,0.7659574468085106,0.6460530862670049,0.9017634655932528,0.1345759677271387
38,KNN,0.9707317073170731,6,6,199,165,0.8341463414634146,0.8407079646017699,0.8558558558558559,0.8482142857142857,0.8085106382978723,0.6655796000977925,0.9545715928694651,0.08370731707317071
38,Stacking,0.9707317073170731,6,6,199,199,1.0,1.0,1.0,1.0,1.0,1.0,1.0,0.0008493199710514709
39,LR,1.0,0,0,205,175,0.8536585365853658,0.8189655172413793,0.9134615384615384,0.8636363636363636,0.7920792079207921,0.7116647562202133,0.9391660319878141,0.10005514343533511
39,DT,1.0,0,0,205,205,1.0,1.0,1.0,1.0,1.0,1.0,1.0,0.0
39,RF,1.0,0,0,205,205,1.0,1.0,1.0,1.0,1.0,1.0,1.0,0.004178536585365854
39,XGB,1.0,0,0,205,205,1.0,1.0,1.0,1.0,1.0,1.0,1.0,0.00037090995465405285
39,NB,1.0,0,0,205,169,0.824390243902439,0.8035714285714286,0.8653846153846154,0.8333333333333334,0.7821782178217822,0.6502925602585373,0.9226009139375475,0.12188000507953482
39,KNN,1.0,0,0,205,171,0.8341463414634146,0.8365384615384616,0.8365384615384616,0.8365384615384616,0.8316831683168316,0.6682216298552932,0.9488290175171363,0.08721951219512196
39,Stacking,1.0,0,0,205,205,1.0,1.0,1.0,1.0,1.0,1.0,1.0,0.00026846920725269224
40,LR,0.9853658536585366,3,3,202,172,0.8536585365853658,0.8214285714285714,0.9019607843137255,0.8598130841121495,0.8058252427184466,0.7108372814154305,0.9148105844279459,0.11764319225981999
40,DT,0.9853658536585366,3,3,202,202,1.0,1.0,1.0,1.0,1.0,1.0,1.0,0.0
40,RF,0.9853658536585366,3,3,202,202,1.0,1.0,1.0,1.0,1.0,1.0,1.0,0.0059370731707317085
40,XGB,0.9853658536585366,3,3,202,202,1.0,1.0,1.0,1.0,1.0,1.0,1.0,0.0006421608850359917
40,NB,0.9853658536585366,3,3,202,167,0.8292682926829268,0.8018018018018018,0.8725490196078431,0.8356807511737089,0.7864077669902912,0.6612264492994089,0.910432134018656,0.12806489987698244
40,KNN,0.9853658536585366,3,3,202,176,0.8731707317073171,0.8725490196078431,0.8725490196078431,0.8725490196078431,0.8737864077669902,0.7463354273748334,0.9677803160098991,0.06985365853658537
40,Stacking,0.9853658536585366,3,3,202,202,1.0,1.0,1.0,1.0,1.0,1.0,1.0,0.0006192230919818155
41,LR,0.9853658536585366,3,3,202,175,0.8682926829268293,0.8699186991869918,0.9067796610169492,0.8879668049792531,0.8160919540229885,0.7292934611865,0.9196376388077148,0.11166354293915777
41,DT,0.9853658536585366,3,3,202,202,1.0,1.0,1.0,1.0,1.0,1.0,1.0,0.0
41,RF,0.9853658536585366,3,3,202,202,1.0,1.0,1.0,1.0,1.0,1.0,1.0,0.005995121951219513
41,XGB,0.9853658536585366,3,3,202,202,1.0,1.0,1.0,1.0,1.0,1.0,1.0,0.00045667224912904203
41,NB,0.9853658536585366,3,3,202,172,0.8536585365853658,0.860655737704918,0.8898305084745762,0.875,0.8045977011494253,0.6992122416541878,0.9163257354373661,0.11351706944476114
41,KNN,0.9853658536585366,3,3,202,174,0.8634146341463415,0.8879310344827587,0.8728813559322034,0.8803418803418803,0.8505747126436781,0.7214210263769869,0.9510033119033703,0.08995121951219515
41,Stacking,0.9853658536585366,3,3,202,202,1.0,1.0,1.0,1.0,1.0,1.0,0.9999999999999999,0.00021835570596178525
42,LR,0.9707317073170731,6,6,199,161,0.8146341463414634,0.773109243697479,0.8932038834951457,0.8288288288288288,0.7352941176470589,0.6367953636079362,0.8999619265181802,0.13307834818963596
42,DT,0.9707317073170731,6,3,199,199,0.9853658536585366,1.0,0.970873786407767,0.9852216748768473,1.0,0.9711511393019859,0.9854368932038835,0.014634146341463415
42,RF,0.9707317073170731,6,3,199,199,0.9853658536585366,1.0,0.970873786407767,0.9852216748768473,1.0,0.9711511393019859,1.0,0.01160439024390244
42,XGB,0.9707317073170731,6,3,199,199,0.9853658536585366,1.0,0.970873786407767,0.9852216748768473,1.0,0.9711511393019859,0.9837235865219875,0.015182284638285637
42,NB,0.9707317073170731,6,6,199,158,0.8,0.7540983606557377,0.8932038834951457,0.8177777777777778,0.7058823529411765,0.6102237111863777,0.8846373500856654,0.15509002343747247
42,KNN,0.9707317073170731,6,6,199,166,0.8390243902439024,0.8017241379310345,0.9029126213592233,0.8493150684931506,0.7745098039215687,0.6833674199713948,0.9514087188273368,0.088
42,Stacking,0.9707317073170731,6,3,199,199,0.9853658536585366,1.0,0.970873786407767,0.9852216748768473,1.0,0.9711511393019859,1.0,0.01381367640225114
43,LR,0.9707317073170731,6,6,199,171,0.8634146341463415,0.8461538461538461,0.908256880733945,0.8761061946902655,0.8125,0.7266133881111624,0.9278478593272173,0.10680765059552987
43,DT,0.9707317073170731,6,6,199,199,1.0,1.0,1.0,1.0,1.0,1.0,1.0,0.0
43,RF,0.9707317073170731,6,6,199,199,1.0,1.0,1.0,1.0,1.0,1.0,1.0,0.007794146341463415
43,XGB,0.9707317073170731,6,6,199,199,1.0,1.0,1.0,1.0,1.0,1.0,0.9999999999999999,0.0006777805974707007
43,NB,0.9707317073170731,6,3,199,163,0.8097560975609757,0.8240740740740741,0.8165137614678899,0.8202764976958525,0.8020833333333334,0.6182426994156179,0.9027140672782875,0.14057906524796973
43,KNN,0.9707317073170731,6,6,199,171,0.8634146341463415,0.8785046728971962,0.8623853211009175,0.8703703703703703,0.8645833333333334,0.7262056510086318,0.9635416666666667,0.07278048780487804
43,Stacking,0.9707317073170731,6,6,199,199,1.0,1.0,1.0,1.0,1.0,1.0,1.0,0.0007737039784596508
44,LR,1.0,0,0,205,182,0.8878048780487805,0.8514851485148515,0.9148936170212766,0.882051282051282,0.8648648648648649,0.7771559335622337,0.9467126701169255,0.08469229072496966
44,DT,1.0,0,0,205,205,1.0,1.0,1.0,1.0,1.0,1.0,1.0,0.0
44,RF,1.0,0,0,205,205,1.0,1.0,1.0,1.0,1.0,1.0,1.0,0.0037419512195121956
44,XGB,1.0,0,0,205,205,1.0,1.0,1.0,1.0,1.0,1.0,1.0,0.00038832586142234504
44,NB,1.0,0,0,205,178,0.8682926829268293,0.8383838383838383,0.8829787234042553,0.8601036269430051,0.8558558558558559,0.7367193886064852,0.9404830362277171,0.09844014376131623
44,KNN,1.0,0,0,205,180,0.8780487804878049,0.8709677419354839,0.8617021276595744,0.8663101604278075,0.8918918918918919,0.7542448853871014,0.9718228867165037,0.06458536585365854
44,Stacking,1.0,0,0,205,205,1.0,1.0,1.0,1.0,1.0,1.0,1.0,0.00026581071622771267
45,LR,0.9853658536585366,3,3,202,170,0.8439024390243902,0.8376068376068376,0.8828828828828829,0.8596491228070176,0.7978723404255319,0.6853022086973748,0.9040636381061913,0.12246631675607547
45,DT,0.9853658536585366,3,3,202,202,1.0,1.0,1.0,1.0,1.0,1.0,1.0,0.0
45,RF,0.9853658536585366,3,3,202,202,1.0,1.0,1.0,1.0,1.0,1.0,1.0,0.008798048780487806
45,XGB,0.9853658536585366,3,3,202,202,1.0,1.0,1.0,1.0,1.0,1.0,1.0,0.0009537040023133159
45,NB,0.9853658536585366,3,3,202,162,0.8048780487804879,0.808695652173913,0.8378378378378378,0.8230088495575221,0.7659574468085106,0.606240517094777,0.8861414606095458,0.1515479168478703
45,KNN,0.9853658536585366,3,3,202,169,0.8390243902439024,0.8611111111111112,0.8378378378378378,0.8493150684931506,0.8404255319148937,0.6769023697893441,0.9377515813686026,0.09990243902439025
45,Stacking,0.9853658536585366,3,3,202,202,1.0,1.0,1.0,1.0,1.0,1.0,1.0,0.0011122185379820746
46,LR,0.9560975609756097,9,9,196,158,0.8146341463414634,0.808695652173913,0.8532110091743119,0.8303571428571429,0.7708333333333334,0.6274716966556,0.915711009174312,0.11346724654901102
46,DT,0.9560975609756097,9,9,196,196,1.0,1.0,1.0,1.0,1.0,1.0,1.0,0.0
46,RF,0.9560975609756097,9,9,196,196,1.0,1.0,1.0,1.0,1.0,1.0,1.0,0.009025853658536585
46,XGB,0.9560975609756097,9,9,196,196,1.0,1.0,1.0,1.0,1.0,1.0,1.0,0.0006714192568324506
46,NB,0.9560975609756097,9,9,196,162,0.8341463414634146,0.8504672897196262,0.8348623853211009,0.8425925925925926,0.8333333333333334,0.6674944014529188,0.9071100917431193,0.13589895286416886
46,KNN,0.9560975609756097,9,9,196,169,0.8682926829268293,0.8727272727272727,0.8807339449541285,0.8767123287671232,0.8541666666666666,0.7353927247750343,0.9619648318042813,0.08000000000000002
46,Stacking,0.9560975609756097,9,9,196,196,1.0,1.0,1.0,1.0,1.0,1.0,0.9999999999999999,0.0003977373609123827
47,LR,1.0,0,0,205,175,0.8536585365853658,0.7982456140350878,0.9285714285714286,0.8584905660377359,0.7850467289719626,0.717460005804085,0.9361052832347894,0.1012643559420416
47,DT,1.0,0,0,205,205,1.0,1.0,1.0,1.0,1.0,1.0,1.0,0.0
47,RF,1.0,0,0,205,205,1.0,1.0,1.0,1.0,1.0,1.0,1.0,0.00559609756097561
47,XGB,1.0,0,0,205,205,1.0,1.0,1.0,1.0,1.0,1.0,1.0,0.0005172739620320499
47,NB,1.0,0,0,205,168,0.8195121951219512,0.7747747747747747,0.8775510204081632,0.8229665071770335,0.7663551401869159,0.645508686302668,0.9259012016021362,0.1293623734578249
47,KNN,1.0,0,0,205,176,0.8585365853658536,0.8165137614678899,0.9081632653061225,0.8599033816425121,0.8130841121495327,0.7220051713656214,0.9674327674995231,0.07648780487804878
47,Stacking,1.0,0,0,205,205,1.0,1.0,1.0,1.0,1.0,1.0,1.0,0.0007392487689071014
48,LR,1.0,0,0,205,177,0.8634146341463415,0.8189655172413793,0.9313725490196079,0.8715596330275229,0.7961165048543689,0.7338734285290671,0.942223491338283,0.09570188853890722
48,DT,1.0,0,0,205,205,1.0,1.0,1.0,1.0,1.0,1.0,1.0,0.0
48,RF,1.0,0,0,205,205,1.0,1.0,1.0,1.0,1.0,1.0,1.0,0.005221951219512195
48,XGB,1.0,0,0,205,205,1.0,1.0,1.0,1.0,1.0,1.0,1.0,0.00032316206488758326
48,NB,1.0,0,0,205,177,0.8634146341463415,0.8303571428571429,0.9117647058823529,0.8691588785046729,0.8155339805825242,0.7304340596147532,0.9273748334285171,0.11121381093613927
48,KNN,1.0,0,0,205,174,0.848780487804878,0.8514851485148515,0.8431372549019608,0.8472906403940886,0.8543689320388349,0.697572587644163,0.950837616600038,0.09014634146341466
48,Stacking,1.0,0,0,205,205,1.0,1.0,1.0,1.0,1.0,1.0,0.9999999999999999,0.00024217129689874028
49,LR,1.0,0,0,205,179,0.8731707317073171,0.8476190476190476,0.898989898989899,0.8725490196078431,0.8490566037735849,0.7478327446500288,0.9453020773775491,0.0911755996290268
49,DT,1.0,0,0,205,205,1.0,1.0,1.0,1.0,1.0,1.0,1.0,0.0
49,RF,1.0,0,0,205,205,1.0,1.0,1.0,1.0,1.0,1.0,1.0,0.005201463414634146
49,XGB,1.0,0,0,205,205,1.0,1.0,1.0,1.0,1.0,1.0,1.0,0.0005814949981868267
49,NB,1.0,0,0,205,175,0.8536585365853658,0.8415841584158416,0.8585858585858586,0.85,0.8490566037735849,0.7073055378712879,0.9362492853058891,0.10907683207476507
49,KNN,1.0,0,0,205,174,0.848780487804878,0.84,0.8484848484848485,0.8442211055276382,0.8490566037735849,0.6973421262214281,0.9593100819515914,0.08000000000000002
49,Stacking,1.0,0,0,205,205,1.0,1.0,1.0,1.0,1.0,1.0,1.0,0.0004002389166231254
50,LR,0.9707317073170731,6,6,199,167,0.8439024390243902,0.8319327731092437,0.8918918918918919,0.8608695652173913,0.7872340425531915,0.6857298036680641,0.9095265478244201,0.11794655000957507
50,DT,0.9707317073170731,6,3,199,199,0.9853658536585366,0.9736842105263158,1.0,0.9866666666666667,0.9680851063829787,0.9708806221831782,0.9840425531914894,0.014634146341463415
50,RF,0.9707317073170731,6,6,199,199,1.0,1.0,1.0,1.0,1.0,1.0,1.0,0.009381463414634146
50,XGB,0.9707317073170731,6,6,199,199,1.0,1.0,1.0,1.0,1.0,1.0,1.0,0.0009365015430375934
50,NB,0.9707317073170731,6,6,199,162,0.8195121951219512,0.8135593220338984,0.8648648648648649,0.8384279475982532,0.7659574468085106,0.6359629742987838,0.8818286371477861,0.1473586794971712
50,KNN,0.9707317073170731,6,3,199,162,0.8048780487804879,0.7886178861788617,0.8738738738738738,0.8290598290598291,0.723404255319149,0.6074947744341465,0.9198773241326433,0.11063414634146342
50,Stacking,0.9707317073170731,6,6,199,199,1.0,1.0,1.0,1.0,1.0,1.0,1.0,0.003179740067229108
51,LR,0.9853658536585366,3,3,202,175,0.8682926829268293,0.825,0.9428571428571428,0.88,0.79,0.743556353224265,0.9434285714285714,0.09745506822285839
51,DT,0.9853658536585366,3,3,202,202,1.0,1.0,1.0,1.0,1.0,1.0,1.0,0.0
51,RF,0.9853658536585366,3,3,202,202,1.0,1.0,1.0,1.0,1.0,1.0,1.0,0.003117560975609757
51,XGB,0.9853658536585366,3,3,202,202,1.0,1.0,1.0,1.0,1.0,1.0,0.9999999999999999,0.0002736440801527351
51,NB,0.9853658536585366,3,3,202,169,0.8390243902439024,0.8103448275862069,0.8952380952380953,0.8506787330316742,0.78,0.6809693855614073,0.9284761904761905,0.11571468325468372
51,KNN,0.9853658536585366,3,3,202,171,0.848780487804878,0.8303571428571429,0.8857142857142857,0.8571428571428571,0.81,0.6985139520991374,0.9616666666666667,0.0751219512195122
51,Stacking,0.9853658536585366,3,3,202,202,1.0,1.0,1.0,1.0,1.0,1.0,1.0,0.00038603482501780705
52,LR,0.9707317073170731,6,3,199,172,0.8536585365853658,0.7967479674796748,0.9514563106796117,0.8672566371681416,0.7549019607843137,0.7209153145776298,0.9152865029506948,0.10794712484531122
52,DT,0.9707317073170731,6,3,199,199,0.9853658536585366,1.0,0.970873786407767,0.9852216748768473,1.0,0.9711511393019859,0.9854368932038835,0.014634146341463415
52,RF,0.9707317073170731,6,0,199,199,0.9707317073170731,0.970873786407767,0.970873786407767,0.970873786407767,0.9705882352941176,0.9414620217018846,0.9991433466590519,0.01983560975609756
52,XGB,0.9707317073170731,6,0,199,199,0.9707317073170731,0.970873786407767,0.970873786407767,0.970873786407767,0.9705882352941176,0.9414620217018846,0.9880068532267275,0.028458427637815475
52,NB,0.9707317073170731,6,3,199,173,0.8585365853658536,0.8490566037735849,0.8737864077669902,0.861244019138756,0.8431372549019608,0.7173334504490083,0.9094802969731582,0.11682151284818232
52,KNN,0.9707317073170731,6,0,199,161,0.7853658536585366,0.7864077669902912,0.7864077669902912,0.7864077669902912,0.7843137254901961,0.5707214924804873,0.9185703407576623,0.11102439024390244
52,Stacking,0.9707317073170731,6,0,199,199,0.9707317073170731,0.970873786407767,0.970873786407767,0.970873786407767,0.9705882352941176,0.9414620217018846,0.9982866933181039,0.024712155573953922
53,LR,0.9853658536585366,3,3,202,174,0.8634146341463415,0.831858407079646,0.912621359223301,0.8703703703703703,0.8137254901960784,0.7301794732073948,0.9117647058823529,0.11304833552420407
53,DT,0.9853658536585366,3,3,202,202,1.0,1.0,1.0,1.0,1.0,1.0,1.0,0.0
53,RF,0.9853658536585366,3,3,202,202,1.0,1.0,1.0,1.0,1.0,1.0,1.0,0.005910731707317073
53,XGB,0.9853658536585366,3,3,202,202,1.0,1.0,1.0,1.0,1.0,1.0,1.0,0.0007698025438003242
53,NB,0.9853658536585366,3,0,202,171,0.8341463414634146,0.8,0.8932038834951457,0.8440366972477065,0.7745098039215687,0.6727269128324705,0.8984389872453836,0.12889299961437328
53,KNN,0.9853658536585366,3,0,202,168,0.8195121951219512,0.8,0.8543689320388349,0.8262910798122066,0.7843137254901961,0.6403916738114745,0.9286598134399391,0.10165853658536585
53,Stacking,0.9853658536585366,3,3,202,202,1.0,1.0,1.0,1.0,1.0,1.0,1.0,0.000860720773213889
54,LR,0.9560975609756097,9,9,196,170,0.8731707317073171,0.860655737704918,0.9210526315789473,0.8898305084745762,0.8131868131868132,0.7431763355024692,0.94679005205321,0.09307913865507313
54,DT,0.9560975609756097,9,6,196,196,0.9853658536585366,0.9743589743589743,1.0,0.987012987012987,0.967032967032967,0.9706890593437003,0.9835164835164836,0.014634146341463415
54,RF,0.9560975609756097,9,6,196,196,0.9853658536585366,0.9743589743589743,1.0,0.987012987012987,0.967032967032967,0.9706890593437003,1.0,0.010118048780487804
54,XGB,0.9560975609756097,9,6,196,196,0.9853658536585366,0.9743589743589743,1.0,0.987012987012987,0.967032967032967,0.9706890593437003,0.9999999999999999,0.009005199186503887
54,NB,0.9560975609756097,9,6,196,168,0.848780487804878,0.8547008547008547,0.8771929824561403,0.8658008658008658,0.8131868131868132,0.6929899365051416,0.9347406978985926,0.10823563332683438
54,KNN,0.9560975609756097,9,9,196,169,0.8682926829268293,0.9393939393939394,0.8157894736842105,0.8732394366197183,0.9340659340659341,0.7455557426754118,0.9602371312897628,0.07785365853658537
54,Stacking,0.9560975609756097,9,6,196,196,0.9853658536585366,0.9743589743589743,1.0,0.987012987012987,0.967032967032967,0.9706890593437003,0.9999999999999999,0.011048795691687556
55,LR,1.0,0,0,205,177,0.8634146341463415,0.8211382113821138,0.9439252336448598,0.8782608695652174,0.7755102040816326,0.7335627520158168,0.9387755102040817,0.09913494492063286
55,DT,1.0,0,0,205,205,1.0,1.0,1.0,1.0,1.0,1.0,1.0,0.0
55,RF,1.0,0,0,205,205,1.0,1.0,1.0,1.0,1.0,1.0,1.0,0.0056546341463414645
55,XGB,1.0,0,0,205,205,1.0,1.0,1.0,1.0,1.0,1.0,1.0,0.0004971351008862257
55,NB,1.0,0,0,205,168,0.8195121951219512,0.7868852459016393,0.897196261682243,0.8384279475982532,0.7346938775510204,0.6430245339872042,0.9192256341789051,0.13143066115721747
55,KNN,1.0,0,0,205,172,0.8390243902439024,0.8425925925925926,0.8504672897196262,0.8465116279069768,0.826530612244898,0.6773209434019872,0.9504577531947358,0.08917073170731708
55,Stacking,1.0,0,0,205,205,1.0,1.0,1.0,1.0,1.0,1.0,1.0,0.000498964339539617
56,LR,0.9853658536585366,3,3,202,171,0.848780487804878,0.8373983739837398,0.9035087719298246,0.869198312236287,0.7802197802197802,0.6934215846015963,0.9123770965876229,0.11729024005953813
56,DT,0.9853658536585366,3,3,202,202,1.0,1.0,1.0,1.0,1.0,1.0,1.0,0.0
56,RF,0.9853658536585366,3,3,202,202,1.0,1.0,1.0,1.0,1.0,1.0,1.0,0.007780000000000001
56,XGB,0.9853658536585366,3,3,202,202,1.0,1.0,1.0,1.0,1.0,1.0,0.9999999999999999,0.0008285501971840858
56,NB,0.9853658536585366,3,3,202,164,0.8146341463414634,0.8114754098360656,0.868421052631579,0.8389830508474576,0.7472527472527473,0.6231675534796207,0.8844225949489107,0.14570285885559583
56,KNN,0.9853658536585366,3,3,202,169,0.8390243902439024,0.8347107438016529,0.8859649122807017,0.8595744680851064,0.7802197802197802,0.6730315804267689,0.9551282051282051,0.08234146341463416
56,Stacking,0.9853658536585366,3,3,202,202,1.0,1.0,1.0,1.0,1.0,1.0,1.0,0.00031578933165972005
57,LR,0.9512195121951219,10,10,195,165,0.8536585365853658,0.831858407079646,0.8952380952380953,0.8623853211009175,0.81,0.7087568640562668,0.9432380952380953,0.09462613545294019
57,DT,0.9512195121951219,10,3,195,195,0.9658536585365853,1.0,0.9333333333333333,0.9655172413793104,1.0,0.9339561784699434,0.9666666666666667,0.03414634146341464
57,RF,0.9512195121951219,10,10,195,195,1.0,1.0,1.0,1.0,1.0,1.0,1.0,0.008157073170731707
57,XGB,0.9512195121951219,10,10,195,195,1.0,1.0,1.0,1.0,1.0,1.0,1.0,0.0012559521710500121
57,NB,0.9512195121951219,10,10,195,159,0.824390243902439,0.8165137614678899,0.8476190476190476,0.8317757009345794,0.8,0.6487321146923228,0.9252380952380952,0.12467293787111115
57,KNN,0.9512195121951219,10,10,195,169,0.8731707317073171,0.8691588785046729,0.8857142857142857,0.8773584905660378,0.86,0.7462119262673119,0.9687619047619047,0.06946341463414635
57,Stacking,0.9512195121951219,10,10,195,195,1.0,1.0,1.0,1.0,1.0,1.0,1.0,0.002534240213120825
58,LR,0.9560975609756097,9,9,196,164,0.8439024390243902,0.8181818181818182,0.8823529411764706,0.8490566037735849,0.8058252427184466,0.6900196425718272,0.9158576051779935,0.11240324289322763
58,DT,0.9560975609756097,9,9,196,196,1.0,1.0,1.0,1.0,1.0,1.0,1.0,0.0
58,RF,0.9560975609756097,9,9,196,196,1.0,1.0,1.0,1.0,1.0,1.0,1.0,0.00637609756097561
58,XGB,0.9560975609756097,9,9,196,196,1.0,1.0,1.0,1.0,1.0,1.0,1.0,0.0008364264504052699
58,NB,0.9560975609756097,9,9,196,162,0.8341463414634146,0.8207547169811321,0.8529411764705882,0.8365384615384616,0.8155339805825242,0.6688572520583358,0.9129069103369503,0.1228380829915309
58,KNN,0.9560975609756097,9,9,196,166,0.8536585365853658,0.86,0.8431372549019608,0.8514851485148515,0.8640776699029126,0.7074169573542898,0.9593089663049685,0.08097560975609756
58,Stacking,0.9560975609756097,9,9,196,196,1.0,1.0,1.0,1.0,1.0,1.0,0.9999999999999999,0.001153733820665737
59,LR,1.0,0,0,205,172,0.8390243902439024,0.8141592920353983,0.8846153846153846,0.847926267281106,0.7920792079207921,0.6802004692099968,0.9162223914699162,0.11477529153812244
59,DT,1.0,0,0,205,205,1.0,1.0,1.0,1.0,1.0,1.0,1.0,0.0
59,RF,1.0,0,0,205,205,1.0,1.0,1.0,1.0,1.0,1.0,1.0,0.006940487804878049
59,XGB,1.0,0,0,205,205,1.0,1.0,1.0,1.0,1.0,1.0,1.0,0.0006026402697898448
59,NB,1.0,0,0,205,170,0.8292682926829268,0.822429906542056,0.8461538461538461,0.8341232227488151,0.8118811881188119,0.6585995751808826,0.8996572734196496,0.13976733253192763
59,KNN,1.0,0,0,205,169,0.824390243902439,0.8148148148148148,0.8461538461538461,0.8301886792452831,0.801980198019802,0.6489996247003733,0.9383092155369384,0.1038048780487805
59,Stacking,1.0,0,0,205,205,1.0,1.0,1.0,1.0,1.0,1.0,1.0,0.0005798040700803458
60,LR,0.9560975609756097,9,9,196,168,0.8634146341463415,0.8376068376068376,0.9158878504672897,0.875,0.8061224489795918,0.7286417509282852,0.9259012016021362,0.1028582360491705
60,DT,0.9560975609756097,9,9,196,196,1.0,1.0,1.0,1.0,1.0,1.0,1.0,0.0
60,RF,0.9560975609756097,9,9,196,196,1.0,1.0,1.0,1.0,1.0,1.0,1.0,0.00752439024390244
60,XGB,0.9560975609756097,9,9,196,196,1.0,1.0,1.0,1.0,1.0,1.0,0.9999999999999999,0.0006644751993007958
60,NB,0.9560975609756097,9,9,196,158,0.8146341463414634,0.7948717948717948,0.8691588785046729,0.8303571428571429,0.7551020408163265,0.6299945715990695,0.898436009917986,0.1343025338874796
60,KNN,0.9560975609756097,9,9,196,159,0.8195121951219512,0.8125,0.8504672897196262,0.8310502283105022,0.7857142857142857,0.6383157027811668,0.9424470722868586,0.09404878048780488
60,Stacking,0.9560975609756097,9,9,196,196,1.0,1.0,1.0,1.0,1.0,1.0,0.9999999999999999,0.0014556648110908219
61,LR,0.9560975609756097,9,9,196,164,0.8439024390243902,0.7857142857142857,0.9166666666666666,0.8461538461538461,0.7798165137614679,0.6980861357829518,0.9317660550458716,0.10601728671779044
61,DT,0.9560975609756097,9,9,196,196,1.0,1.0,1.0,1.0,1.0,1.0,1.0,0.0
61,RF,0.9560975609756097,9,9,196,196,1.0,1.0,1.0,1.0,1.0,1.0,1.0,0.009855121951219513
61,XGB,0.9560975609756097,9,9,196,196,1.0,1.0,1.0,1.0,1.0,1.0,1.0,0.0005588939529843628
61,NB,0.9560975609756097,9,9,196,166,0.8536585365853658,0.7894736842105263,0.9375,0.8571428571428571,0.7798165137614679,0.7204213465399077,0.9316704892966361,0.11216698725688726
61,KNN,0.9560975609756097,9,9,196,160,0.824390243902439,0.7777777777777778,0.875,0.8235294117647058,0.7798165137614679,0.654441368205749,0.9551796636085627,0.09229268292682928
61,Stacking,0.9560975609756097,9,9,196,196,1.0,1.0,1.0,1.0,1.0,1.0,1.0,0.0008926183215282122
62,LR,1.0,0,0,205,171,0.8341463414634146,0.8141592920353983,0.8761904761904762,0.8440366972477065,0.79,0.6695144178357307,0.9161904761904763,0.11515372003263777
62,DT,1.0,0,0,205,205,1.0,1.0,1.0,1.0,1.0,1.0,1.0,0.0
62,RF,1.0,0,0,205,205,1.0,1.0,1.0,1.0,1.0,1.0,1.0,0.008225365853658538
62,XGB,1.0,0,0,205,205,1.0,1.0,1.0,1.0,1.0,1.0,1.0,0.0005564152379520237
62,NB,1.0,0,0,205,162,0.7902439024390244,0.7870370370370371,0.8095238095238095,0.7981220657276995,0.77,0.5801872600095542,0.8892380952380953,0.15109143341624046
62,KNN,1.0,0,0,205,171,0.8341463414634146,0.8446601941747572,0.8285714285714286,0.8365384615384616,0.84,0.6683804899901903,0.9535238095238094,0.08390243902439024
62,Stacking,1.0,0,0,205,205,1.0,1.0,1.0,1.0,1.0,1.0,1.0,0.0011093859306015948
63,LR,0.9707317073170731,6,3,199,176,0.8731707317073171,0.8504672897196262,0.900990099009901,0.875,0.8461538461538461,0.7477849343199604,0.9467821782178217,0.09468123787748943
63,DT,0.9707317073170731,6,6,199,199,1.0,1.0,1.0,1.0,1.0,1.0,1.0,0.0
63,RF,0.9707317073170731,6,3,199,199,0.9853658536585366,0.9711538461538461,1.0,0.9853658536585366,0.9711538461538461,0.9711538461538461,0.9999999999999999,0.01214439024390244
63,XGB,0.9707317073170731,6,0,199,199,0.9707317073170731,0.9439252336448598,1.0,0.9711538461538461,0.9423076923076923,0.9431161161950775,1.0,0.009914032183587551
63,NB,0.9707317073170731,6,0,199,174,0.848780487804878,0.8365384615384616,0.8613861386138614,0.848780487804878,0.8365384615384616,0.6979246001523229,0.9385948210205637,0.10308454458610578
63,KNN,0.9707317073170731,6,3,199,170,0.8439024390243902,0.8556701030927835,0.8217821782178217,0.8383838383838383,0.8653846153846154,0.6880845022161125,0.9527798933739527,0.08702439024390246
63,Stacking,0.9707317073170731,6,6,199,199,1.0,1.0,1.0,1.0,1.0,1.0,1.0,0.002331623432296478
64,LR,0.9707317073170731,6,3,199,170,0.8439024390243902,0.7941176470588235,0.8804347826086957,0.8350515463917526,0.8141592920353983,0.6909482343114399,0.922951135051943,0.11413082475903268
64,DT,0.9707317073170731,6,6,199,199,1.0,1.0,1.0,1.0,1.0,1.0,1.0,0.0
64,RF,0.9707317073170731,6,6,199,199,1.0,1.0,1.0,1.0,1.0,1.0,1.0,0.010381951219512195
64,XGB,0.9707317073170731,6,6,199,199,1.0,1.0,1.0,1.0,1.0,1.0,1.0,0.0006036338163539767
64,NB,0.9707317073170731,6,3,199,166,0.824390243902439,0.7745098039215687,0.8586956521739131,0.8144329896907216,0.7964601769911505,0.651716995415485,0.8979415159676799,0.14723477386973738
64,KNN,0.9707317073170731,6,3,199,169,0.8390243902439024,0.8470588235294118,0.782608695652174,0.8135593220338984,0.8849557522123894,0.6739477832350647,0.9375721431319738,0.09346341463414636
64,Stacking,0.9707317073170731,6,6,199,199,1.0,1.0,1.0,1.0,1.0,1.0,1.0,0.0004831229836263281
65,LR,0.9560975609756097,9,3,196,167,0.8292682926829268,0.7692307692307693,0.9183673469387755,0.8372093023255814,0.7476635514018691,0.6721481955465782,0.9190349036810985,0.11667835626491327
65,DT,0.9560975609756097,9,6,196,196,0.9853658536585366,0.9702970297029703,1.0,0.9849246231155779,0.9719626168224299,0.97112946618107,0.9859813084112149,0.014634146341463415
65,RF,0.9560975609756097,9,3,196,196,0.9707317073170731,0.9693877551020408,0.9693877551020408,0.9693877551020408,0.9719626168224299,0.9413503719244707,0.9987125691398054,0.01644926829268293
65,XGB,0.9560975609756097,9,6,196,196,0.9853658536585366,1.0,0.9693877551020408,0.9844559585492227,1.0,0.9710560783166036,0.9991417127598703,0.00944468006491661
65,NB,0.9560975609756097,9,6,196,161,0.8146341463414634,0.7542372881355932,0.9081632653061225,0.8240740740740741,0.7289719626168224,0.6439259318156398,0.9008201411405684,0.14469001986850966
65,KNN,0.9560975609756097,9,6,196,165,0.8341463414634146,0.7962962962962963,0.8775510204081632,0.8349514563106796,0.794392523364486,0.6722641734343432,0.9439729162693116,0.09307317073170733
65,Stacking,0.9560975609756097,9,6,196,196,0.9853658536585366,0.9702970297029703,1.0,0.9849246231155779,0.9719626168224299,0.97112946618107,1.0,0.009950205594673269
66,LR,0.926829268292683,15,15,190,166,0.8829268292682927,0.853448275862069,0.9339622641509434,0.8918918918918919,0.8282828282828283,0.7684952171089093,0.9283400038117019,0.10506655710197103
66,DT,0.926829268292683,15,15,190,190,1.0,1.0,1.0,1.0,1.0,1.0,1.0,0.0
66,RF,0.926829268292683,15,15,190,190,1.0,1.0,1.0,1.0,1.0,1.0,1.0,0.008956097560975611
66,XGB,0.926829268292683,15,15,190,190,1.0,1.0,1.0,1.0,1.0,1.0,1.0,0.0005135214887559414
66,NB,0.926829268292683,15,12,190,160,0.8390243902439024,0.8288288288288288,0.8679245283018868,0.847926267281106,0.8080808080808081,0.6779462112821905,0.9232894987611969,0.11370094387871045
66,KNN,0.926829268292683,15,12,190,165,0.8634146341463415,0.8679245283018868,0.8679245283018868,0.8679245283018868,0.8585858585858586,0.7265103868877454,0.9529731275014295,0.07960975609756098
66,Stacking,0.926829268292683,15,15,190,190,1.0,1.0,1.0,1.0,1.0,1.0,1.0,0.00035433194350473207
67,LR,1.0,0,0,205,177,0.8634146341463415,0.816,0.9532710280373832,0.8793103448275862,0.7653061224489796,0.7358314228758339,0.9550829677665459,0.09208665284227063
67,DT,1.0,0,0,205,205,1.0,1.0,1.0,1.0,1.0,1.0,1.0,0.0
67,RF,1.0,0,0,205,205,1.0,1.0,1.0,1.0,1.0,1.0,1.0,0.0031175609756097563
67,XGB,1.0,0,0,205,205,1.0,1.0,1.0,1.0,1.0,1.0,1.0,0.0005189090734347701
67,NB,1.0,0,0,205,171,0.8341463414634146,0.7829457364341085,0.9439252336448598,0.8559322033898306,0.7142857142857143,0.6807197904802318,0.9431623116536334,0.10931336758117893
67,KNN,1.0,0,0,205,176,0.8585365853658536,0.825,0.9252336448598131,0.8722466960352423,0.7857142857142857,0.7208462362506012,0.9635227922944879,0.08039024390243903
67,Stacking,1.0,0,0,205,205,1.0,1.0,1.0,1.0,1.0,1.0,1.0,0.00022487189540395454
68,LR,1.0,0,0,205,181,0.8829268292682927,0.8536585365853658,0.9459459459459459,0.8974358974358975,0.8085106382978723,0.7673618203378693,0.9509296530573127,0.08811291848637282
68,DT,1.0,0,0,205,205,1.0,1.0,1.0,1.0,1.0,1.0,1.0,0.0
68,RF,1.0,0,0,205,205,1.0,1.0,1.0,1.0,1.0,1.0,1.0,0.004635121951219513
68,XGB,1.0,0,0,205,205,1.0,1.0,1.0,1.0,1.0,1.0,1.0,0.00048384323599748313
68,NB,1.0,0,0,205,178,0.8682926829268293,0.85,0.918918918918919,0.8831168831168831,0.8085106382978723,0.735726287770935,0.9409622388345793,0.09683193694477475
68,KNN,1.0,0,0,205,168,0.8195121951219512,0.8303571428571429,0.8378378378378378,0.8340807174887892,0.7978723404255319,0.6362592299087682,0.9414414414414416,0.09502439024390244
68,Stacking,1.0,0,0,205,205,1.0,1.0,1.0,1.0,1.0,1.0,1.0,0.0002938787924964952
69,LR,1.0,0,0,205,173,0.8439024390243902,0.8303571428571429,0.8773584905660378,0.8532110091743119,0.8080808080808081,0.6880009608398993,0.9157613874595006,0.1175178199750038
69,DT,1.0,0,0,205,205,1.0,1.0,1.0,1.0,1.0,1.0,1.0,0.0
69,RF,1.0,0,0,205,205,1.0,1.0,1.0,1.0,1.0,1.0,0.9999999999999999,0.007081951219512195
69,XGB,1.0,0,0,205,205,1.0,1.0,1.0,1.0,1.0,1.0,1.0,0.0009332377812825143
69,NB,1.0,0,0,205,170,0.8292682926829268,0.8256880733944955,0.8490566037735849,0.8372093023255814,0.8080808080808081,0.6580787350870461,0.9157613874595006,0.1263104183186169
69,KNN,1.0,0,0,205,176,0.8585365853658536,0.8737864077669902,0.8490566037735849,0.861244019138756,0.8686868686868687,0.7173334504490083,0.9507813988946066,0.09170731707317073
69,Stacking,1.0,0,0,205,205,1.0,1.0,1.0,1.0,1.0,1.0,1.0,0.0006394560522278002
70,LR,1.0,0,0,205,170,0.8292682926829268,0.7692307692307693,0.9183673469387755,0.8372093023255814,0.7476635514018691,0.6721481955465782,0.9112149532710281,0.124160680009001
70,DT,1.0,0,0,205,205,1.0,1.0,1.0,1.0,1.0,1.0,1.0,0.0
70,RF,1.0,0,0,205,205,1.0,1.0,1.0,1.0,1.0,1.0,1.0,0.00758780487804878
70,XGB,1.0,0,0,205,205,1.0,1.0,1.0,1.0,1.0,1.0,1.0,0.0005724903894588351
70,NB,1.0,0,0,205,165,0.8048780487804879,0.7543859649122807,0.8775510204081632,0.8113207547169812,0.7383177570093458,0.6191843802596259,0.894335304215144,0.14868548776837542
70,KNN,1.0,0,0,205,173,0.8439024390243902,0.8173076923076923,0.8673469387755102,0.8415841584158416,0.822429906542056,0.6891855797574253,0.9565134465000953,0.08507317073170732
70,Stacking,1.0,0,0,205,205,1.0,1.0,1.0,1.0,1.0,1.0,1.0,0.0010527791736846235
71,LR,0.9414634146341463,12,9,193,159,0.8195121951219512,0.7663551401869159,0.8723404255319149,0.8159203980099502,0.7747747747747747,0.645508686302668,0.885758098524056,0.13929355605727575
71,DT,0.9414634146341463,12,9,193,193,0.9853658536585366,1.0,0.9680851063829787,0.9837837837837838,1.0,0.9708806221831782,0.9840425531914894,0.014634146341463415
71,RF,0.9414634146341463,12,9,193,193,0.9853658536585366,1.0,0.9680851063829787,0.9837837837837838,1.0,0.9708806221831782,0.9968372627947096,0.01950634146341464
71,XGB,0.9414634146341463,12,9,193,193,0.9853658536585366,1.0,0.9680851063829787,0.9837837837837838,1.0,0.9708806221831782,0.9861989649223691,0.01594860665500164
71,NB,0.9414634146341463,12,9,193,149,0.7707317073170732,0.7238095238095238,0.8085106382978723,0.7638190954773869,0.7387387387387387,0.5455267391533967,0.8623730113091815,0.18277271895847727
71,KNN,0.9414634146341463,12,9,193,156,0.8048780487804879,0.77,0.8191489361702128,0.7938144329896907,0.7927927927927928,0.6100154517503393,0.9228004600345026,0.1135609756097561
71,Stacking,0.9414634146341463,12,9,193,193,0.9853658536585366,1.0,0.9680851063829787,0.9837837837837838,1.0,0.9708806221831782,0.9873490511788384,0.016692312610309967
72,LR,0.9658536585365853,7,7,198,172,0.8731707317073171,0.8596491228070176,0.9074074074074074,0.8828828828828829,0.8350515463917526,0.7461000551747587,0.9280259641084383,0.10545037935849721
72,DT,0.9658536585365853,7,4,198,198,0.9853658536585366,1.0,0.9722222222222222,0.9859154929577465,1.0,0.9711104754638142,0.9861111111111112,0.014634146341463415
72,RF,0.9658536585365853,7,7,198,198,1.0,1.0,1.0,1.0,1.0,1.0,1.0,0.008205853658536585
72,XGB,0.9658536585365853,7,7,198,198,1.0,1.0,1.0,1.0,1.0,1.0,0.9999999999999999,0.0005469844909384847
72,NB,0.9658536585365853,7,7,198,161,0.8195121951219512,0.8141592920353983,0.8518518518518519,0.832579185520362,0.7835051546391752,0.6377969425298093,0.9165712103856434,0.12732993612471258
72,KNN,0.9658536585365853,7,7,198,159,0.8097560975609757,0.8165137614678899,0.8240740740740741,0.8202764976958525,0.7938144329896907,0.6182426994156179,0.927930507827415,0.1073170731707317
72,Stacking,0.9658536585365853,7,7,198,198,1.0,1.0,1.0,1.0,1.0,1.0,1.0,0.0004483981260331634
73,LR,0.9707317073170731,6,6,199,166,0.8390243902439024,0.811965811965812,0.8962264150943396,0.852017937219731,0.7777777777777778,0.680454140721295,0.9285305889079475,0.11041692736898867
73,DT,0.9707317073170731,6,0,199,199,0.9707317073170731,0.9716981132075472,0.9716981132075472,0.9716981132075472,0.9696969696969697,0.9413950829045169,0.9706975414522585,0.02926829268292683
73,RF,0.9707317073170731,6,0,199,199,0.9707317073170731,0.9716981132075472,0.9716981132075472,0.9716981132075472,0.9696969696969697,0.9413950829045169,0.9991423670668953,0.01576487804878049
73,XGB,0.9707317073170731,6,0,199,199,0.9707317073170731,0.9716981132075472,0.9716981132075472,0.9716981132075472,0.9696969696969697,0.9413950829045169,0.9977129788450543,0.022992879152297974
73,NB,0.9707317073170731,6,3,199,163,0.8097560975609757,0.7913043478260869,0.8584905660377359,0.8235294117647058,0.7575757575757576,0.6203371984834873,0.8995616542786354,0.14261380580073893
73,KNN,0.9707317073170731,6,0,199,167,0.8146341463414634,0.8269230769230769,0.8113207547169812,0.819047619047619,0.8181818181818182,0.629202852569045,0.9378216123499141,0.0991219512195122
73,Stacking,0.9707317073170731,6,0,199,199,0.9707317073170731,0.9716981132075472,0.9716981132075472,0.9716981132075472,0.9696969696969697,0.9413950829045169,0.9974271012006861,0.026420540279641695
74,LR,1.0,0,0,205,171,0.8341463414634146,0.8053097345132744,0.883495145631068,0.8425925925925926,0.7843137254901961,0.6713326148634625,0.9074814391776128,0.12465780771839312
74,DT,1.0,0,0,205,205,1.0,1.0,1.0,1.0,1.0,1.0,1.0,0.0
74,RF,1.0,0,0,205,205,1.0,1.0,1.0,1.0,1.0,1.0,1.0,0.006445365853658537
74,XGB,1.0,0,0,205,205,1.0,1.0,1.0,1.0,1.0,1.0,1.0,0.0006398807163350284
74,NB,1.0,0,0,205,161,0.7853658536585366,0.7757009345794392,0.8058252427184466,0.7904761904761904,0.7647058823529411,0.5710749543103583,0.8892061679040548,0.16020107724227237
74,KNN,1.0,0,0,205,161,0.7853658536585366,0.7920792079207921,0.7766990291262136,0.7843137254901961,0.7941176470588235,0.5708710163894712,0.92175899486008,0.11082926829268293
74,Stacking,1.0,0,0,205,205,1.0,1.0,1.0,1.0,1.0,1.0,1.0,0.0006862900041368983
75,LR,1.0,0,0,205,167,0.8146341463414634,0.7719298245614035,0.88,0.822429906542056,0.7523809523809524,0.6362097317771361,0.9076190476190477,0.12697247926335137
75,DT,1.0,0,0,205,205,1.0,1.0,1.0,1.0,1.0,1.0,1.0,0.0
75,RF,1.0,0,0,205,205,1.0,1.0,1.0,1.0,1.0,1.0,1.0,0.008055121951219511
75,XGB,1.0,0,0,205,205,1.0,1.0,1.0,1.0,1.0,1.0,1.0,0.0008472755434922874
75,NB,1.0,0,0,205,163,0.7951219512195122,0.7685185185185185,0.83,0.7980769230769231,0.7619047619047619,0.5925823863532259,0.8770476190476191,0.1639514240116953
75,KNN,1.0,0,0,205,172,0.8390243902439024,0.8130841121495327,0.87,0.8405797101449275,0.8095238095238095,0.6799772789166374,0.947,0.0928780487804878
75,Stacking,1.0,0,0,205,205,1.0,1.0,1.0,1.0,1.0,1.0,1.0,0.0013578999351991894
76,LR,0.9707317073170731,6,6,199,171,0.8634146341463415,0.8285714285714286,0.8969072164948454,0.8613861386138614,0.8333333333333334,0.7294055117622169,0.9324169530355098,0.09636945383766903
76,DT,0.9707317073170731,6,6,199,199,1.0,1.0,1.0,1.0,1.0,1.0,1.0,0.0
76,RF,0.9707317073170731,6,6,199,199,1.0,1.0,1.0,1.0,1.0,1.0,1.0,0.005777560975609756
76,XGB,0.9707317073170731,6,6,199,199,1.0,1.0,1.0,1.0,1.0,1.0,1.0,0.0008647285867482424
76,NB,0.9707317073170731,6,6,199,166,0.8390243902439024,0.8137254901960784,0.8556701030927835,0.8341708542713567,0.8240740740740741,0.6787729748174897,0.9232531500572738,0.1179974865155595
76,KNN,0.9707317073170731,6,6,199,173,0.8731707317073171,0.865979381443299,0.865979381443299,0.865979381443299,0.8796296296296297,0.7456090110729287,0.961483390607102,0.07804878048780488
76,Stacking,0.9707317073170731,6,6,199,199,1.0,1.0,1.0,1.0,1.0,1.0,1.0,0.0003321509906380541
77,LR,0.9414634146341463,12,9,193,164,0.8439024390243902,0.847457627118644,0.8771929824561403,0.8620689655172413,0.8021978021978022,0.682955086038731,0.9352226720647774,0.10168862250340567
77,DT,0.9414634146341463,12,12,193,193,1.0,1.0,1.0,1.0,1.0,1.0,1.0,0.0
77,RF,0.9414634146341463,12,9,193,193,0.9853658536585366,1.0,0.9736842105263158,0.9866666666666667,1.0,0.9708806221831782,1.0,0.011315121951219514
77,XGB,0.9414634146341463,12,12,193,193,1.0,1.0,1.0,1.0,1.0,1.0,1.0,0.001327807316556573
77,NB,0.9414634146341463,12,9,193,156,0.8048780487804879,0.8032786885245902,0.8596491228070176,0.8305084745762712,0.7362637362637363,0.603166089809146,0.8926161557740506,0.1483364262846019
77,KNN,0.9414634146341463,12,9,193,157,0.8097560975609757,0.8571428571428571,0.7894736842105263,0.821917808219178,0.8351648351648352,0.6208793767945545,0.9342105263157896,0.1022439024390244
77,Stacking,0.9414634146341463,12,12,193,193,1.0,1.0,1.0,1.0,1.0,1.0,1.0,0.0012269667508923267
78,LR,1.0,0,0,205,178,0.8682926829268293,0.8454545454545455,0.9029126213592233,0.8732394366197183,0.8333333333333334,0.7382160353102467,0.9388920616790406,0.10008212635262037
78,DT,1.0,0,0,205,205,1.0,1.0,1.0,1.0,1.0,1.0,1.0,0.0
78,RF,1.0,0,0,205,205,1.0,1.0,1.0,1.0,1.0,1.0,1.0,0.002927804878048781
78,XGB,1.0,0,0,205,205,1.0,1.0,1.0,1.0,1.0,1.0,1.0,0.00036588648799806833
78,NB,1.0,0,0,205,170,0.8292682926829268,0.8148148148148148,0.8543689320388349,0.8341232227488151,0.803921568627451,0.6592323962698721,0.9315629164287075,0.11155586967509916
78,KNN,1.0,0,0,205,172,0.8390243902439024,0.8804347826086957,0.7864077669902912,0.8307692307692308,0.8921568627450981,0.6821451270469817,0.948695983247668,0.08565853658536586
78,Stacking,1.0,0,0,205,205,1.0,1.0,1.0,1.0,1.0,1.0,1.0,0.00013763817953817733
79,LR,0.9707317073170731,6,6,199,171,0.8634146341463415,0.8130081300813008,0.9523809523809523,0.8771929824561403,0.77,0.7370576424228762,0.9382857142857143,0.09968655793999458
79,DT,0.9707317073170731,6,6,199,199,1.0,1.0,1.0,1.0,1.0,1.0,1.0,0.0
79,RF,0.9707317073170731,6,6,199,199,1.0,1.0,1.0,1.0,1.0,1.0,1.0,0.0057804878048780504
79,XGB,0.9707317073170731,6,6,199,199,1.0,1.0,1.0,1.0,1.0,1.0,1.0,0.00047958275536075234
79,NB,0.9707317073170731,6,6,199,165,0.8341463414634146,0.7933884297520661,0.9142857142857143,0.8495575221238938,0.75,0.6751763698294819,0.9156190476190477,0.12980037672444003
79,KNN,0.9707317073170731,6,6,199,164,0.8292682926829268,0.8240740740740741,0.8476190476190476,0.8356807511737089,0.81,0.6583719031004063,0.9454761904761905,0.09190243902439026
79,Stacking,0.9707317073170731,6,6,199,199,1.0,1.0,1.0,1.0,1.0,1.0,1.0,0.00042136852183695346
80,LR,0.9707317073170731,6,6,199,170,0.8585365853658536,0.8495575221238938,0.8888888888888888,0.8687782805429864,0.8247422680412371,0.7163716860506092,0.9452080946926307,0.09494080738247014
80,DT,0.9707317073170731,6,3,199,199,0.9853658536585366,0.972972972972973,1.0,0.9863013698630136,0.9690721649484536,0.9710206101598731,0.9845360824742269,0.014634146341463415
80,RF,0.9707317073170731,6,3,199,199,0.9853658536585366,0.972972972972973,1.0,0.9863013698630136,0.9690721649484536,0.9710206101598731,1.0,0.008620000000000001
80,XGB,0.9707317073170731,6,3,199,199,0.9853658536585366,0.972972972972973,1.0,0.9863013698630136,0.9690721649484536,0.9710206101598731,1.0,0.00961310788989067
80,NB,0.9707317073170731,6,6,199,168,0.848780487804878,0.8407079646017699,0.8796296296296297,0.8597285067873304,0.8144329896907216,0.6967280001704091,0.933466972126766,0.10934123697358995
80,KNN,0.9707317073170731,6,3,199,173,0.8585365853658536,0.9072164948453608,0.8148148148148148,0.8585365853658536,0.9072164948453608,0.7220313096601756,0.959860633829706,0.07453658536585367
80,Stacking,0.9707317073170731,6,3,199,199,0.9853658536585366,0.972972972972973,1.0,0.9863013698630136,0.9690721649484536,0.9710206101598731,1.0,0.010900397859562164
81,LR,0.9707317073170731,6,6,199,173,0.8731707317073171,0.8403361344537815,0.9345794392523364,0.8849557522123894,0.8061224489795918,0.7497658787664441,0.9485981308411215,0.09142258365109082
81,DT,0.9707317073170731,6,6,199,199,1.0,1.0,1.0,1.0,1.0,1.0,1.0,0.0
81,RF,0.9707317073170731,6,6,199,199,1.0,1.0,1.0,1.0,1.0,1.0,1.0,0.005515121951219513
81,XGB,0.9707317073170731,6,6,199,199,1.0,1.0,1.0,1.0,1.0,1.0,1.0,0.0005209802184253931
81,NB,0.9707317073170731,6,6,199,167,0.8439024390243902,0.8099173553719008,0.9158878504672897,0.8596491228070176,0.7653061224489796,0.6919001029866089,0.9202746519168414,0.11977026860248907
81,KNN,0.9707317073170731,6,6,199,176,0.8878048780487805,0.85,0.9532710280373832,0.8986784140969163,0.8163265306122449,0.780312424754172,0.9776368491321763,0.06653658536585366
81,Stacking,0.9707317073170731,6,6,199,199,1.0,1.0,1.0,1.0,1.0,1.0,0.9999999999999999,0.00028927460521807965
82,LR,1.0,0,0,205,175,0.8536585365853658,0.8378378378378378,0.8857142857142857,0.8611111111111112,0.82,0.7079427560642153,0.9148571428571428,0.11379243091354983
82,DT,1.0,0,0,205,205,1.0,1.0,1.0,1.0,1.0,1.0,1.0,0.0
82,RF,1.0,0,0,205,205,1.0,1.0,1.0,1.0,1.0,1.0,1.0,0.004990731707317075
82,XGB,1.0,0,0,205,205,1.0,1.0,1.0,1.0,1.0,1.0,1.0,0.0006827380857430398
82,NB,1.0,0,0,205,168,0.8195121951219512,0.7931034482758621,0.8761904761904762,0.832579185520362,0.76,0.6415903378773202,0.8998095238095237,0.1364231101349375
82,KNN,1.0,0,0,205,178,0.8682926829268293,0.8679245283018868,0.8761904761904762,0.8720379146919431,0.86,0.7364009065152513,0.9642857142857142,0.07356097560975611
82,Stacking,1.0,0,0,205,205,1.0,1.0,1.0,1.0,1.0,1.0,1.0,0.0005105101868316017
83,LR,1.0,0,0,205,174,0.848780487804878,0.8333333333333334,0.9243697478991597,0.8764940239043825,0.7441860465116279,0.688988491698885,0.9316005471956224,0.10032209577984633
83,DT,1.0,0,0,205,205,1.0,1.0,1.0,1.0,1.0,1.0,1.0,0.0
83,RF,1.0,0,0,205,205,1.0,1.0,1.0,1.0,1.0,1.0,1.0,0.006825853658536586
83,XGB,1.0,0,0,205,205,1.0,1.0,1.0,1.0,1.0,1.0,0.9999999999999999,0.0006110562244430184
83,NB,1.0,0,0,205,171,0.8341463414634146,0.84,0.8823529411764706,0.860655737704918,0.7674418604651163,0.6573534384877402,0.9095172952902092,0.12608767397751428
83,KNN,1.0,0,0,205,169,0.824390243902439,0.8738738738738738,0.8151260504201681,0.8434782608695652,0.8372093023255814,0.6460530862670049,0.9421536056282978,0.09385365853658538
83,Stacking,1.0,0,0,205,205,1.0,1.0,1.0,1.0,1.0,1.0,1.0,0.0006942861510096934
84,LR,0.9853658536585366,3,0,202,171,0.8341463414634146,0.7946428571428571,0.89,0.839622641509434,0.780952380952381,0.6736524014426315,0.922,0.11370332960315714
84,DT,0.9853658536585366,3,3,202,202,1.0,1.0,1.0,1.0,1.0,1.0,1.0,0.0
84,RF,0.9853658536585366,3,0,202,202,0.9853658536585366,0.970873786407767,1.0,0.9852216748768473,0.9714285714285714,0.9711511393019859,1.0,0.012164878048780489
84,XGB,0.9853658536585366,3,0,202,202,0.9853658536585366,0.970873786407767,1.0,0.9852216748768473,0.9714285714285714,0.9711511393019859,1.0,0.011150510050356388
84,NB,0.9853658536585366,3,0,202,162,0.7902439024390244,0.7478260869565218,0.86,0.8,0.7238095238095238,0.5880248097687816,0.9028571428571428,0.15148076386712994
84,KNN,0.9853658536585366,3,0,202,168,0.8195121951219512,0.794392523364486,0.85,0.821256038647343,0.7904761904761904,0.6409036020622826,0.9438571428571428,0.0975609756097561
84,Stacking,0.9853658536585366,3,0,202,202,0.9853658536585366,0.970873786407767,1.0,0.9852216748768473,0.9714285714285714,0.9711511393019859,1.0,0.006590932016111311
85,LR,0.9707317073170731,6,6,199,171,0.8634146341463415,0.8347107438016529,0.926605504587156,0.8782608695652174,0.7916666666666666,0.7287953243994925,0.917335626911315,0.10442899329337593
85,DT,0.9707317073170731,6,6,199,199,1.0,1.0,1.0,1.0,1.0,1.0,1.0,0.0
85,RF,0.9707317073170731,6,6,199,199,1.0,1.0,1.0,1.0,1.0,1.0,1.0,0.005704390243902439
85,XGB,0.9707317073170731,6,6,199,199,1.0,1.0,1.0,1.0,1.0,1.0,1.0,0.0004494553722906858
85,NB,0.9707317073170731,6,6,199,167,0.8439024390243902,0.8235294117647058,0.8990825688073395,0.8596491228070176,0.78125,0.68793502464806,0.9158065749235474,0.11831781870548365
85,KNN,0.9707317073170731,6,6,199,173,0.8731707317073171,0.8547008547008547,0.9174311926605505,0.8849557522123894,0.8229166666666666,0.7463635531287689,0.9691322629969419,0.06926829268292682
85,Stacking,0.9707317073170731,6,6,199,199,1.0,1.0,1.0,1.0,1.0,1.0,1.0,0.0003592351218689231
86,LR,0.9804878048780488,4,4,201,162,0.8097560975609757,0.7739130434782608,0.8725490196078431,0.8202764976958525,0.7475728155339806,0.6247777387175403,0.8950123738815915,0.12949586726916884
86,DT,0.9804878048780488,4,4,201,201,1.0,1.0,1.0,1.0,1.0,1.0,1.0,0.0
86,RF,0.9804878048780488,4,4,201,201,1.0,1.0,1.0,1.0,1.0,1.0,0.9999999999999999,0.005654146341463413
86,XGB,0.9804878048780488,4,4,201,201,1.0,1.0,1.0,1.0,1.0,1.0,1.0,0.0006958465673960745
86,NB,0.9804878048780488,4,4,201,161,0.8048780487804879,0.7767857142857143,0.8529411764705882,0.8130841121495327,0.7572815533980582,0.6128533904188173,0.8866362078812107,0.15098198653245867
86,KNN,0.9804878048780488,4,4,201,167,0.8341463414634146,0.8469387755102041,0.8137254901960784,0.83,0.8543689320388349,0.6687312486327002,0.9484580239862934,0.08585365853658537
86,Stacking,0.9804878048780488,4,4,201,201,1.0,1.0,1.0,1.0,1.0,1.0,1.0,0.0006543572306092263
87,LR,0.9512195121951219,10,10,195,169,0.8731707317073171,0.8629032258064516,0.9224137931034483,0.8916666666666667,0.8089887640449438,0.7415272585226853,0.947985277024409,0.08841276807792688
87,DT,0.9512195121951219,10,10,195,195,1.0,1.0,1.0,1.0,1.0,1.0,1.0,0.0
87,RF,0.9512195121951219,10,10,195,195,1.0,1.0,1.0,1.0,1.0,1.0,1.0,0.006484878048780488
87,XGB,0.9512195121951219,10,7,195,195,0.9853658536585366,1.0,0.9741379310344828,0.9868995633187773,1.0,0.9707587567043322,1.0,0.004734868183732033
87,NB,0.9512195121951219,10,10,195,164,0.848780487804878,0.8512396694214877,0.8879310344827587,0.869198312236287,0.797752808988764,0.691059730098808,0.9291941108097636,0.11256464522876572
87,KNN,0.9512195121951219,10,10,195,163,0.8439024390243902,0.8620689655172413,0.8620689655172413,0.8620689655172413,0.8202247191011236,0.6822936846183649,0.9557826423866718,0.08214634146341464
87,Stacking,0.9512195121951219,10,10,195,195,1.0,1.0,1.0,1.0,1.0,1.0,1.0,0.0005243181468980937
88,LR,0.9707317073170731,6,6,199,162,0.8195121951219512,0.792,0.9,0.8425531914893617,0.7263157894736842,0.6402528283502746,0.9032535885167463,0.1276033746269971
88,DT,0.9707317073170731,6,6,199,199,1.0,1.0,1.0,1.0,1.0,1.0,1.0,0.0
88,RF,0.9707317073170731,6,6,199,199,1.0,1.0,1.0,1.0,1.0,1.0,1.0,0.007628780487804878
88,XGB,0.9707317073170731,6,6,199,199,1.0,1.0,1.0,1.0,1.0,1.0,1.0,0.0008127203909680247
88,NB,0.9707317073170731,6,6,199,160,0.8097560975609757,0.8034188034188035,0.8545454545454545,0.8281938325991189,0.7578947368421053,0.6170034065219664,0.8990430622009569,0.1468103276385627
88,KNN,0.9707317073170731,6,6,199,166,0.8390243902439024,0.8532110091743119,0.8454545454545455,0.8493150684931506,0.8315789473684211,0.6765804327416602,0.9447368421052632,0.0928780487804878
88,Stacking,0.9707317073170731,6,6,199,199,1.0,1.0,1.0,1.0,1.0,1.0,1.0,0.0006939934895045073
89,LR,1.0,0,0,205,177,0.8634146341463415,0.8363636363636363,0.9019607843137255,0.8679245283018868,0.8252427184466019,0.7291493871713361,0.9242337711783744,0.10669686192288383
89,DT,1.0,0,0,205,205,1.0,1.0,1.0,1.0,1.0,1.0,1.0,0.0
89,RF,1.0,0,0,205,205,1.0,1.0,1.0,1.0,1.0,1.0,1.0,0.006668780487804879
89,XGB,1.0,0,0,205,205,1.0,1.0,1.0,1.0,1.0,1.0,0.9999999999999999,0.0004717808333225548
89,NB,1.0,0,0,205,171,0.8341463414634146,0.8090909090909091,0.8725490196078431,0.839622641509434,0.7961165048543689,0.6704547702720728,0.9098610317913574,0.12891830734685983
89,KNN,1.0,0,0,205,174,0.848780487804878,0.865979381443299,0.8235294117647058,0.8442211055276382,0.8737864077669902,0.6983135533651074,0.9532648010660575,0.08565853658536586
89,Stacking,1.0,0,0,205,205,1.0,1.0,1.0,1.0,1.0,1.0,1.0,0.00039438765661669516
90,LR,0.9853658536585366,3,3,202,175,0.8682926829268293,0.8709677419354839,0.907563025210084,0.8888888888888888,0.813953488372093,0.7283089210885146,0.9364862223959352,0.09530455304541871
90,DT,0.9853658536585366,3,3,202,202,1.0,1.0,1.0,1.0,1.0,1.0,1.0,0.0
90,RF,0.9853658536585366,3,0,202,202,0.9853658536585366,1.0,0.9747899159663865,0.9872340425531915,1.0,0.9705317248350719,0.9999999999999999,0.010305365853658537
90,XGB,0.9853658536585366,3,3,202,202,1.0,1.0,1.0,1.0,1.0,1.0,1.0,0.0005972005892544985
90,NB,0.9853658536585366,3,0,202,169,0.824390243902439,0.8487394957983193,0.8487394957983193,0.8487394957983193,0.7906976744186046,0.639437170216924,0.9158686730506156,0.12919031289823096
90,KNN,0.9853658536585366,3,0,202,174,0.848780487804878,0.860655737704918,0.8823529411764706,0.8713692946058091,0.8023255813953488,0.6883200965891026,0.9478698456126637,0.08917073170731708
90,Stacking,0.9853658536585366,3,3,202,202,1.0,1.0,1.0,1.0,1.0,1.0,1.0,0.0037915482987740637
91,LR,0.9804878048780488,4,4,201,169,0.8439024390243902,0.8440366972477065,0.8598130841121495,0.8518518518518519,0.826530612244898,0.6870648179714898,0.9260919320999428,0.10910238360822491
91,DT,0.9804878048780488,4,4,201,201,1.0,1.0,1.0,1.0,1.0,1.0,1.0,0.0
91,RF,0.9804878048780488,4,4,201,201,1.0,1.0,1.0,1.0,1.0,1.0,1.0,0.008700000000000001
91,XGB,0.9804878048780488,4,4,201,201,1.0,1.0,1.0,1.0,1.0,1.0,1.0,0.000508663069922477
91,NB,0.9804878048780488,4,4,201,161,0.8048780487804879,0.8018018018018018,0.8317757009345794,0.8165137614678899,0.7755102040816326,0.6087972918209996,0.8980545489223727,0.14397328278603902
91,KNN,0.9804878048780488,4,4,201,165,0.824390243902439,0.8514851485148515,0.8037383177570093,0.8269230769230769,0.8469387755102041,0.650119343382402,0.9380602708373069,0.09717073170731708
91,Stacking,0.9804878048780488,4,4,201,201,1.0,1.0,1.0,1.0,1.0,1.0,1.0,0.0005220734815258693
92,LR,0.9853658536585366,3,3,202,178,0.8829268292682927,0.8636363636363636,0.9134615384615384,0.8878504672897196,0.8514851485148515,0.766920557563133,0.9510662604722011,0.08682283061946389
92,DT,0.9853658536585366,3,3,202,202,1.0,1.0,1.0,1.0,1.0,1.0,1.0,0.0
92,RF,0.9853658536585366,3,3,202,202,1.0,1.0,1.0,1.0,1.0,1.0,1.0,0.00534
92,XGB,0.9853658536585366,3,3,202,202,1.0,1.0,1.0,1.0,1.0,1.0,1.0,0.0002810147707350552
92,NB,0.9853658536585366,3,3,202,173,0.8585365853658536,0.8440366972477065,0.8846153846153846,0.863849765258216,0.8316831683168316,0.7176663192206335,0.9418316831683168,0.09698671093826469
92,KNN,0.9853658536585366,3,3,202,168,0.8341463414634146,0.8301886792452831,0.8461538461538461,0.8380952380952381,0.8217821782178217,0.6682541952201664,0.9599200304645849,0.0768780487804878
92,Stacking,0.9853658536585366,3,3,202,202,1.0,1.0,1.0,1.0,1.0,1.0,1.0,0.0002939072757022314
93,LR,0.9707317073170731,6,3,199,173,0.8585365853658536,0.8584070796460177,0.8818181818181818,0.8699551569506726,0.8315789473684211,0.7152475307277957,0.9357894736842106,0.09881050844880807
93,DT,0.9707317073170731,6,3,199,199,0.9853658536585366,1.0,0.9727272727272728,0.9861751152073732,1.0,0.9710560783166036,0.9863636363636363,0.014634146341463415
93,RF,0.9707317073170731,6,6,199,199,1.0,1.0,1.0,1.0,1.0,1.0,1.0,0.006600487804878047
93,XGB,0.9707317073170731,6,6,199,199,1.0,1.0,1.0,1.0,1.0,1.0,1.0,0.0017005468253046274
93,NB,0.9707317073170731,6,6,199,165,0.8341463414634146,0.8220338983050848,0.8818181818181818,0.8508771929824561,0.7789473684210526,0.6666607824892705,0.9222966507177034,0.11987412138077273
93,KNN,0.9707317073170731,6,3,199,174,0.8634146341463415,0.8867924528301887,0.8545454545454545,0.8703703703703703,0.8736842105263158,0.7267013744783888,0.9518181818181818,0.08156097560975611
93,Stacking,0.9707317073170731,6,6,199,199,1.0,1.0,1.0,1.0,1.0,1.0,0.9999999999999999,0.0027767935179901708
94,LR,0.9707317073170731,6,6,199,176,0.8878048780487805,0.9026548672566371,0.8947368421052632,0.8986784140969163,0.8791208791208791,0.7730384692825544,0.9271255060728745,0.09838526264002824
94,DT,0.9707317073170731,6,3,199,199,0.9853658536585366,0.9743589743589743,1.0,0.987012987012987,0.967032967032967,0.9706890593437003,0.9835164835164836,0.014634146341463415
94,RF,0.9707317073170731,6,6,199,199,1.0,1.0,1.0,1.0,1.0,1.0,1.0,0.005243414634146341
94,XGB,0.9707317073170731,6,6,199,199,1.0,1.0,1.0,1.0,1.0,1.0,1.0,0.0006161542842164636
94,NB,0.9707317073170731,6,6,199,162,0.8195121951219512,0.8235294117647058,0.8596491228070176,0.8412017167381974,0.7692307692307693,0.6331667848315838,0.9064006169269326,0.12576473956931403
94,KNN,0.9707317073170731,6,6,199,176,0.8878048780487805,0.9099099099099099,0.8859649122807017,0.8977777777777778,0.8901098901098901,0.7738402028706829,0.9691536533641796,0.06653658536585366
94,Stacking,0.9707317073170731,6,6,199,199,1.0,1.0,1.0,1.0,1.0,1.0,1.0,0.0010969836933395019
95,LR,0.9707317073170731,6,3,199,176,0.8731707317073171,0.8803418803418803,0.8956521739130435,0.8879310344827587,0.8444444444444444,0.7420348930473826,0.9418357487922706,0.09320549419195609
95,DT,0.9707317073170731,6,6,199,199,1.0,1.0,1.0,1.0,1.0,1.0,1.0,0.0
95,RF,0.9707317073170731,6,6,199,199,1.0,1.0,1.0,1.0,1.0,1.0,1.0,0.006951707317073171
95,XGB,0.9707317073170731,6,6,199,199,1.0,1.0,1.0,1.0,1.0,1.0,0.9999999999999999,0.000402096047764644
95,NB,0.9707317073170731,6,3,199,168,0.8341463414634146,0.8403361344537815,0.8695652173913043,0.8547008547008547,0.7888888888888889,0.6621753030297168,0.9058937198067633,0.12877072963292632
95,KNN,0.9707317073170731,6,6,199,175,0.8829268292682927,0.9252336448598131,0.8608695652173913,0.8918918918918919,0.9111111111111111,0.7669581693152344,0.9754589371980676,0.06126829268292682
95,Stacking,0.9707317073170731,6,6,199,199,1.0,1.0,1.0,1.0,1.0,1.0,1.0,0.00046206286196665393
96,LR,0.9658536585365853,7,7,198,172,0.8731707317073171,0.8376068376068376,0.9333333333333333,0.8828828828828829,0.81,0.7506612383374373,0.9348571428571429,0.09950154678885072
96,DT,0.9658536585365853,7,7,198,198,1.0,1.0,1.0,1.0,1.0,1.0,1.0,0.0
96,RF,0.9658536585365853,7,7,198,198,1.0,1.0,1.0,1.0,1.0,1.0,1.0,0.005752195121951221
96,XGB,0.9658536585365853,7,7,198,198,1.0,1.0,1.0,1.0,1.0,1.0,1.0,0.0004919009516015649
96,NB,0.9658536585365853,7,7,198,162,0.824390243902439,0.7899159663865546,0.8952380952380953,0.8392857142857143,0.75,0.6535697510651314,0.9088571428571429,0.13311316079125296
96,KNN,0.9658536585365853,7,7,198,172,0.8731707317073171,0.8376068376068376,0.9333333333333333,0.8828828828828829,0.81,0.7506612383374373,0.9725714285714286,0.0718048780487805
96,Stacking,0.9658536585365853,7,7,198,198,1.0,1.0,1.0,1.0,1.0,1.0,1.0,0.0003473502502576625
97,LR,0.9707317073170731,6,6,199,168,0.848780487804878,0.8290598290598291,0.8981481481481481,0.8622222222222222,0.7938144329896907,0.6979849973972971,0.9181939671630394,0.11588908784154733
97,DT,0.9707317073170731,6,0,199,199,0.9707317073170731,1.0,0.9444444444444444,0.9714285714285714,1.0,0.9430950446347764,0.9722222222222222,0.02926829268292683
97,RF,0.9707317073170731,6,6,199,199,1.0,1.0,1.0,1.0,1.0,1.0,1.0,0.007060000000000001
97,XGB,0.9707317073170731,6,6,199,199,1.0,1.0,1.0,1.0,1.0,1.0,0.9999999999999999,0.0007196050137281418
97,NB,0.9707317073170731,6,6,199,167,0.8439024390243902,0.8454545454545455,0.8611111111111112,0.8532110091743119,0.8247422680412371,0.686706063833853,0.9106529209621993,0.12193530197486707
97,KNN,0.9707317073170731,6,6,199,170,0.8585365853658536,0.8691588785046729,0.8611111111111112,0.8651162790697674,0.8556701030927835,0.716439352585649,0.9586674303169149,0.07843902439024392
97,Stacking,0.9707317073170731,6,6,199,199,1.0,1.0,1.0,1.0,1.0,1.0,1.0,0.0007931001038976961
98,LR,0.9658536585365853,7,7,198,164,0.8341463414634146,0.8050847457627118,0.8962264150943396,0.8482142857142857,0.7676767676767676,0.6712350880151097,0.9191919191919192,0.11053344739047254
98,DT,0.9658536585365853,7,7,198,198,1.0,1.0,1.0,1.0,1.0,1.0,1.0,0.0
98,RF,0.9658536585365853,7,7,198,198,1.0,1.0,1.0,1.0,1.0,1.0,1.0,0.007717073170731706
98,XGB,0.9658536585365853,7,7,198,198,1.0,1.0,1.0,1.0,1.0,1.0,1.0,0.000603938999120146
98,NB,0.9658536585365853,7,7,198,164,0.8341463414634146,0.8214285714285714,0.8679245283018868,0.8440366972477065,0.797979797979798,0.6683929812803026,0.9049933295216315,0.13337814003337795
98,KNN,0.9658536585365853,7,3,198,166,0.824390243902439,0.8125,0.8584905660377359,0.8348623853211009,0.7878787878787878,0.6487850017207059,0.9471602820659424,0.09521951219512197
98,Stacking,0.9658536585365853,7,7,198,198,1.0,1.0,1.0,1.0,1.0,1.0,1.0,0.0005555723776571577
99,LR,0.9804878048780488,4,4,201,178,0.8878048780487805,0.8636363636363636,0.9223300970873787,0.892018779342723,0.8529411764705882,0.7773457799097556,0.939558347610889,0.0940692859661618
99,DT,0.9804878048780488,4,4,201,201,1.0,1.0,1.0,1.0,1.0,1.0,1.0,0.0
99,RF,0.9804878048780488,4,4,201,201,1.0,1.0,1.0,1.0,1.0,1.0,1.0,0.006493658536585366
99,XGB,0.9804878048780488,4,4,201,201,1.0,1.0,1.0,1.0,1.0,1.0,1.0,0.0007983168470673263
99,NB,0.9804878048780488,4,4,201,168,0.8390243902439024,0.8017241379310345,0.9029126213592233,0.8493150684931506,0.7745098039215687,0.6833674199713948,0.9254711593375213,0.11624744434444606
99,KNN,0.9804878048780488,4,4,201,164,0.8195121951219512,0.8,0.8543689320388349,0.8262910798122066,0.7843137254901961,0.6403916738114745,0.9462212069293736,0.09424390243902439
99,Stacking,0.9804878048780488,4,4,201,201,1.0,1.0,1.0,1.0,1.0,1.0,1.0,0.00029223312429118594
