Method,Accuracy,Precision,Recall,F1,AUC,Specificity,MCC,Brier
B0,0.8102,0.813,0.85,0.8294,0.896,0.7628,0.6196,0.16
A0,0.841,0.8389,0.8812,0.8576,0.9148,0.7934,0.6832,0.1169
A1,0.8391,0.8354,0.8825,0.8562,0.91,0.7878,0.6795,0.1177
A2,0.8437,0.8426,0.8812,0.8593,0.9146,0.7993,0.6889,0.1156
A3 (LA-DPS),0.8427,0.8409,0.8811,0.8586,0.9146,0.7971,0.6865,0.1165
LR (paper),0.8426,0.8429,0.8774,0.8579,0.9135,0.8013,0.6863,0.1172
DT (paper),0.7659,0.7873,0.7891,0.7851,0.7637,0.7383,0.5325,0.2341
RF (paper),0.8288,0.8242,0.8757,0.8475,0.9014,0.7731,0.6579,0.1264
XGB (paper),0.8017,0.8111,0.8318,0.8197,0.8831,0.766,0.6023,0.1606
NB (paper),0.8285,0.8363,0.8538,0.8438,0.9033,0.7985,0.6562,0.1347
KNN (paper),0.7669,0.7717,0.8177,0.792,0.8311,0.7063,0.5319,0.1828
LR (tuned),0.8509,0.8386,0.9037,0.8683,0.9151,0.7883,0.7036,0.1158
DT (tuned),0.7974,0.7993,0.8402,0.8169,0.8436,0.7466,0.595,0.1613
RF (tuned),0.8384,0.8411,0.8715,0.8539,0.9128,0.7994,0.6779,0.1238
XGB (tuned),0.8367,0.8354,0.8756,0.8533,0.9071,0.7904,0.6737,0.1216
NB (tuned),0.8506,0.862,0.867,0.8628,0.9098,0.8311,0.7019,0.1278
KNN (tuned),0.8215,0.8056,0.8897,0.8441,0.8944,0.7405,0.6442,0.1298
