Model,param,value,leaky_mean,group_mean,group_std
DT,max_depth,1,0.7553658536585368,0.7335792349726776,0.036969030524915916
DT,max_depth,2,0.7519512195121952,0.7401912568306012,0.048572050400880966
DT,max_depth,3,0.8329268292682928,0.7997814207650273,0.04662947546054257
DT,max_depth,4,0.8397560975609757,0.7815573770491804,0.048043361885060754
DT,max_depth,5,0.8926829268292684,0.7947540983606557,0.020740494567473573
DT,max_depth,6,0.9253658536585366,0.7781147540983606,0.021569978379053518
DT,max_depth,8,0.9753658536585365,0.7682786885245901,0.04143926119322495
DT,max_depth,10,0.9929268292682927,0.7748907103825136,0.03452117404569994
DT,max_depth,12,0.9936585365853657,0.7715573770491804,0.0326919047750567
DT,max_depth,None,0.9953658536585366,0.7715573770491804,0.0326919047750567
RF,max_depth,1,0.8209756097560976,0.8196174863387977,0.06595752915553874
RF,max_depth,2,0.8536585365853661,0.8427322404371586,0.0481236202627877
RF,max_depth,3,0.871951219512195,0.8394808743169397,0.04302671481143475
RF,max_depth,4,0.8948780487804878,0.8312841530054644,0.0425395446373531
RF,max_depth,5,0.9243902439024391,0.821256830601093,0.046686594329841014
RF,max_depth,6,0.9599999999999997,0.8212841530054644,0.04413857261537711
RF,max_depth,8,0.9902439024390244,0.822950819672131,0.04483039594126765
RF,max_depth,10,0.9948780487804878,0.8180327868852458,0.04447815541964926
RF,max_depth,12,0.9963414634146341,0.822950819672131,0.04221519262044328
RF,max_depth,None,0.9970731707317073,0.8196448087431694,0.041142215854379355
XGB,max_depth,1,0.8782926829268293,0.8310655737704918,0.03942369221090014
XGB,max_depth,2,0.9636585365853658,0.7897814207650272,0.04482143629361797
XGB,max_depth,3,0.9941463414634146,0.7929781420765026,0.03463486308087924
XGB,max_depth,4,0.9956097560975609,0.8063387978142076,0.04241609465579175
XGB,max_depth,5,0.9963414634146341,0.8096448087431695,0.03477940318411334
XGB,max_depth,6,0.9956097560975609,0.8079781420765026,0.03702217046628707
XGB,max_depth,8,0.9970731707317073,0.8063661202185793,0.04720123085864765
KNN,n_neighbors,1,0.9960975609756098,0.7649453551912567,0.042035508026232314
KNN,n_neighbors,3,0.9517073170731708,0.7649453551912567,0.042035508026232314
KNN,n_neighbors,5,0.8514634146341462,0.7649453551912567,0.042035508026232314
KNN,n_neighbors,7,0.8585365853658539,0.7848087431693989,0.04185614001251181
KNN,n_neighbors,9,0.8763414634146341,0.8262295081967214,0.04118402724905487
KNN,n_neighbors,11,0.8653658536585367,0.8262295081967214,0.04118402724905487
KNN,n_neighbors,15,0.8548780487804878,0.8130327868852458,0.05908580339472187
KNN,n_neighbors,21,0.8475609756097562,0.8145628415300546,0.056976621204234426
KNN,n_neighbors,31,0.8426829268292686,0.8245081967213116,0.04149247832693882
KNN,n_neighbors,41,0.8378048780487806,0.8228415300546448,0.03873507588086889
